0001   0000             ; Native MC6803 translation of Peter Jennings MicroChess engine.
0002   0000             ; MicroChess (c) 1996-2002 Peter Jennings, peterj@benlo.com
0003   0000             ; Source supplied by user: Daryl Rictor serial-terminal adaptation (2002).
0004   0000             ; Private modified copy; retain author notice in source and binary.
0005   0000             ; Requires MC-10 with 16K expansion. All execution is native 6803 code.
0006   0000             ; VA/VX/VY and VF retain 6502 register/flag semantics across native calls.
0007   0000             ; VF stores native CC bits: C=1, V=2, Z=4, N=8.
0008   0000             ; No 6502 bytecode interpreter is used.
0009   0000                     .MSFIRST
0010   5000                     .ORG $5000
0011   5000 BF 6B 58    START:  STS OLDSP
0012   5003 07                  TPA
0013   5004 B7 6B 5A            STAA OLDCC
0014   5007 0F                  SEI
0015   5008 8E 8F FF            LDS #$8FFF             ; Private native stack (16K expansion)
0016   500B BD 54 43            JSR SAVE_SCREEN
0017   500E 86 01               LDAA #1
0018   5010 B7 6B 60            STAA FASTMODE
0019   5013 B7 5B 79            STAA QUICKMODE
0020   5016 7F 5B D8            CLR LETTERMODE
0021   5019 BD 51 9E            JSR NEWGAME
0022   501C             UI_MAIN:
0023   501C BD 55 F8            JSR DRAW
0024   501F             UI_WAIT:
0025   501F BD 54 A6            JSR KEY_SCAN           ; Native debounced scan; no BASIC RAM writes
0026   5022 4D                  TSTA
0027   5023 26 1F               BNE UI_KEY
0028   5025 B6 6B 7C            LDAA AUTOMODE
0029   5028 81 01               CMPA #1
0030   502A 26 F3               BNE UI_WAIT
0031   502C B6 6B 6C            LDAA GAMEOVER
0032   502F 26 EE               BNE UI_WAIT
0033   5031 7C 6B 7E            INC AUTOTICKS
0034   5034 B6 6B 7E            LDAA AUTOTICKS
0035   5037 81 40               CMPA #64              ; Allow a full debounce window between plies
0036   5039 25 E4               BCS UI_WAIT
0037   503B 7F 6B 7E            CLR AUTOTICKS
0038   503E BD 55 03            JSR AUTO_MOVE
0039   5041 7E 50 1C            JMP UI_MAIN
0040   5044             UI_KEY:
0041   5044 7F 6B 7E            CLR AUTOTICKS
0042   5047 81 61               CMPA #$61
0043   5049 25 02               BCS UI_UPPER
0044   504B 80 20               SUBA #$20
0045   504D             UI_UPPER:
0046   504D F6 6B 61            LDAB INPUTLEN
0047   5050 C1 04               CMPB #4
0048   5052 26 28               BNE UI_COMMAND
0049   5054 F6 70 34            LDAB FULLRULES
0050   5057 27 23               BEQ UI_COMMAND
0051   5059 F6 6B 65            LDAB INPUTBUF+3
0052   505C C1 38               CMPB #$38
0053   505E 26 1C               BNE UI_COMMAND
0054   5060 81 51               CMPA #$51
0055   5062 26 03               BNE LONG_20
0056   5064 7E 51 7A            JMP UI_CHAR
0057   5067             LONG_20:
0058   5067 81 52               CMPA #$52
0059   5069 26 03               BNE LONG_21
0060   506B 7E 51 7A            JMP UI_CHAR
0061   506E             LONG_21:
0062   506E 81 42               CMPA #$42
0063   5070 26 03               BNE LONG_22
0064   5072 7E 51 7A            JMP UI_CHAR
0065   5075             LONG_22:
0066   5075 81 4E               CMPA #$4E
0067   5077 26 03               BNE LONG_23
0068   5079 7E 51 7A            JMP UI_CHAR
0069   507C             LONG_23:
0070   507C             UI_COMMAND:
0071   507C 81 54               CMPA #$54             ; T = toggle piece graphics / letters
0072   507E 26 0B               BNE UI_NOTSTYLE
0073   5080 B6 5B D8            LDAA LETTERMODE
0074   5083 88 01               EORA #1
0075   5085 B7 5B D8            STAA LETTERMODE
0076   5088 7E 50 1C            JMP UI_MAIN           ; Keep input, game and self-play state
0077   508B             UI_NOTSTYLE:
0078   508B 81 5A               CMPA #$5A              ; Hidden Z self-play / pause
0079   508D 26 16               BNE UI_NOTAUTO
0080   508F B6 6B 7C            LDAA AUTOMODE
0081   5092 81 01               CMPA #1
0082   5094 26 04               BNE UI_AUTO_ON
0083   5096 86 02               LDAA #2
0084   5098 20 02               BRA UI_AUTO_SET
0085   509A             UI_AUTO_ON:
0086   509A 86 01               LDAA #1
0087   509C             UI_AUTO_SET:
0088   509C B7 6B 7C            STAA AUTOMODE
0089   509F 7F 6B 61            CLR INPUTLEN
0090   50A2 7E 50 1C            JMP UI_MAIN
0091   50A5             UI_NOTAUTO:
0092   50A5 81 52               CMPA #$52             ; R switches historical/full rules and restarts
0093   50A7 26 14               BNE UI_NOTHISTORY
0094   50A9 B6 70 34            LDAA FULLRULES
0095   50AC 88 01               EORA #1
0096   50AE B7 70 34            STAA FULLRULES
0097   50B1 B7 5B 79            STAA QUICKMODE
0098   50B4 B7 6B 60            STAA FASTMODE
0099   50B7 BD 51 9E            JSR NEWGAME
0100   50BA 7E 50 1C            JMP UI_MAIN
0101   50BD             UI_NOTHISTORY:
0102   50BD 81 56               CMPA #$56             ; V claims current or entered prospective position
0103   50BF 26 2A               BNE UI_NOTDRAW
0104   50C1 B6 6B 61            LDAA INPUTLEN
0105   50C4 81 04               CMPA #4
0106   50C6 25 08               BCS UI_CURRENT_CLAIM
0107   50C8 86 01               LDAA #1
0108   50CA B7 89 54            STAA CLAIMING
0109   50CD 7E 52 25            JMP UI_ENTER
0110   50D0             UI_CURRENT_CLAIM:
0111   50D0 B6 74 CF            LDAA DRAW_AVAILABLE
0112   50D3 27 0D               BEQ UI_NOCLAIM
0113   50D5 B6 70 34            LDAA FULLRULES
0114   50D8 27 08               BEQ UI_NOCLAIM
0115   50DA 86 04               LDAA #4
0116   50DC B7 6B 6C            STAA GAMEOVER
0117   50DF 7E 50 1C            JMP UI_MAIN
0118   50E2             UI_NOCLAIM:
0119   50E2 CE 74 FF            LDX #MSG_NOCLAIM
0120   50E5 BD 59 7E            JSR MESSAGE
0121   50E8 7E 50 1F            JMP UI_WAIT
0122   50EB             UI_NOTDRAW:
0123   50EB 81 4C               CMPA #$4C             ; L toggles the modern analysis-work limit
0124   50ED 26 0E               BNE UI_NOTLIMIT
0125   50EF B6 8A 49            LDAA LIMITMODE
0126   50F2 88 01               EORA #1
0127   50F4 B7 8A 49            STAA LIMITMODE
0128   50F7 7F 6B 61            CLR INPUTLEN
0129   50FA 7E 50 1C            JMP UI_MAIN
0130   50FD             UI_NOTLIMIT:
0131   50FD 81 53               CMPA #$53              ; S cycles QUICK / DEEP / ORIGINAL
0132   50FF 26 33               BNE UI_NOSPEED
0133   5101 B6 70 34            LDAA FULLRULES
0134   5104 27 20               BEQ UI_LEGACY_SPEED
0135   5106 B6 5B 79            LDAA QUICKMODE
0136   5109 27 0A               BEQ UI_ADVANCED_SPEED
0137   510B 7F 5B 79            CLR QUICKMODE
0138   510E 86 01               LDAA #1
0139   5110 B7 6B 60            STAA FASTMODE
0140   5113 20 19               BRA UI_SPEED_DONE
0141   5115             UI_ADVANCED_SPEED:
0142   5115 B6 6B 60            LDAA FASTMODE
0143   5118 27 05               BEQ UI_QUICK_SPEED
0144   511A 7F 6B 60            CLR FASTMODE
0145   511D 20 0F               BRA UI_SPEED_DONE
0146   511F             UI_QUICK_SPEED:
0147   511F 86 01               LDAA #1
0148   5121 B7 5B 79            STAA QUICKMODE
0149   5124 20 08               BRA UI_SPEED_DONE
0150   5126             UI_LEGACY_SPEED:
0151   5126 B6 6B 60            LDAA FASTMODE
0152   5129 88 01               EORA #1
0153   512B B7 6B 60            STAA FASTMODE
0154   512E             UI_SPEED_DONE:
0155   512E 7F 6B 61            CLR INPUTLEN
0156   5131 7E 50 1C            JMP UI_MAIN
0157   5134             UI_NOSPEED:
0158   5134 81 51               CMPA #$51              ; Q = quit to BASIC
0159   5136 27 5B               BEQ UI_QUIT
0160   5138 81 4E               CMPA #$4E              ; N = new game
0161   513A 26 06               BNE UI_NOTNEW
0162   513C BD 51 9E            JSR NEWGAME
0163   513F 7E 50 1C            JMP UI_MAIN
0164   5142             UI_NOTNEW:
0165   5142 81 49               CMPA #$49              ; I = instructions (A-H remain move coordinates)
0166   5144 26 11               BNE UI_NOTHELP
0167   5146 BD 59 C1            JSR DRAW_HELP
0168   5149             UI_HELP_WAIT:
0169   5149 BD 54 A6            JSR KEY_SCAN
0170   514C 81 49               CMPA #$49
0171   514E 27 04               BEQ UI_HELP_BACK
0172   5150 81 0D               CMPA #$0D
0173   5152 26 F5               BNE UI_HELP_WAIT
0174   5154             UI_HELP_BACK:
0175   5154 7E 50 1C            JMP UI_MAIN            ; Preserve the game and any partially entered move
0176   5157             UI_NOTHELP:
0177   5157 81 08               CMPA #8                ; Backspace or left arrow
0178   5159 27 0E               BEQ UI_BACK
0179   515B 81 15               CMPA #$15
0180   515D 27 0A               BEQ UI_BACK
0181   515F 81 0D               CMPA #$0D
0182   5161 26 17               BNE UI_CHAR
0183   5163 7F 89 54            CLR CLAIMING
0184   5166 7E 52 25            JMP UI_ENTER
0185   5169             UI_BACK:
0186   5169 B6 6B 61            LDAA INPUTLEN
0187   516C 26 03               BNE LONG_13
0188   516E 7E 50 1F            JMP UI_WAIT
0189   5171             LONG_13:
0190   5171 7A 6B 61            DEC INPUTLEN
0191   5174 BD 58 F8            JSR DRAW_INPUT
0192   5177 7E 50 1F            JMP UI_WAIT
0193   517A             UI_CHAR:
0194   517A F6 6B 61            LDAB INPUTLEN
0195   517D C1 05               CMPB #5
0196   517F 25 03               BCS LONG_15
0197   5181 7E 50 1F            JMP UI_WAIT
0198   5184             LONG_15:
0199   5184 CE 6B 62            LDX #INPUTBUF
0200   5187 3A                  ABX
0201   5188 A7 00               STAA 0,X
0202   518A 7C 6B 61            INC INPUTLEN
0203   518D BD 58 F8            JSR DRAW_INPUT
0204   5190 7E 50 1F            JMP UI_WAIT
0205   5193             UI_QUIT:
0206   5193 BD 54 77            JSR RESTORE_SCREEN
0207   5196 BE 6B 58            LDS OLDSP
0208   5199 B6 6B 5A            LDAA OLDCC
0209   519C 06                  TAP
0210   519D 39                  RTS
0211   519E             
0212   519E             NEWGAME:
0213   519E 86 01               LDAA #1
0214   51A0 B7 6B 7A            STAA DRAWFULL
0215   51A3 7F 6B 7C            CLR AUTOMODE
0216   51A6 7F 6B 7D            CLR AUTOSIDE
0217   51A9 7F 6B 7E            CLR AUTOTICKS
0218   51AC CE 4E 80            LDX #VMEM
0219   51AF 4F                  CLRA
0220   51B0             NG_ZERO:
0221   51B0 A7 00               STAA 0,X
0222   51B2 08                  INX
0223   51B3 8C 4F 80            CPX #VMEM+256
0224   51B6 26 F8               BNE NG_ZERO
0225   51B8 CE 6A D1            LDX #SETW
0226   51BB B6 70 34            LDAA FULLRULES
0227   51BE 26 03               BNE NG_STANDARD
0228   51C0 CE 89 57            LDX #HISTSETW
0229   51C3             NG_STANDARD:
0230   51C3 FF 6B 78            STX TEXTSOURCE
0231   51C6 CE 4E D0            LDX #BOARD
0232   51C9 C6 20               LDAB #32
0233   51CB             NG_COPY:
0234   51CB 3C                  PSHX
0235   51CC FE 6B 78            LDX TEXTSOURCE
0236   51CF A6 00               LDAA 0,X
0237   51D1 08                  INX
0238   51D2 FF 6B 78            STX TEXTSOURCE
0239   51D5 38                  PULX
0240   51D6 A7 00               STAA 0,X
0241   51D8 08                  INX
0242   51D9 5A                  DECB
0243   51DA 26 EF               BNE NG_COPY
0244   51DC CE 4F 80            LDX #PROMOTED
0245   51DF 4F                  CLRA
0246   51E0             NG_PROMO:
0247   51E0 A7 00               STAA 0,X
0248   51E2 08                  INX
0249   51E3 8C 4F A0            CPX #PROMOTED+32
0250   51E6 26 F8               BNE NG_PROMO
0251   51E8 CE 4F A0            LDX #POINTVAL
0252   51EB 5F                  CLRB
0253   51EC             NG_POINTS:
0254   51EC 3C                  PSHX
0255   51ED CE 6B 02            LDX #POINTS
0256   51F0 C4 0F               ANDB #15
0257   51F2 3A                  ABX
0258   51F3 A6 00               LDAA 0,X
0259   51F5 38                  PULX
0260   51F6 A7 00               STAA 0,X
0261   51F8 A7 10               STAA 16,X
0262   51FA 08                  INX
0263   51FB 5C                  INCB
0264   51FC C1 10               CMPB #16
0265   51FE 26 EC               BNE NG_POINTS
0266   5200 86 FF               LDAA #$FF
0267   5202 B7 4F 5C            STAA OMOVE             ; Search from move one; disable old opening book
0268   5205 7F 6B 6C            CLR GAMEOVER
0269   5208 7F 6B 61            CLR INPUTLEN
0270   520B 7F 6B 6D            CLR TURNCOUNT
0271   520E BD 52 18            JSR RESET_STACKS
0272   5211 BD 6D 15            JSR RULES_NEW
0273   5214 BD 71 FF            JSR HISTORY_NEW
0274   5217 39                  RTS
0275   5218             RESET_STACKS:
0276   5218 CE 4E 40            LDX #DSTACK
0277   521B FF 6B 54            STX DPTR
0278   521E CE 4C 40            LDX #USTACK
0279   5221 FF 6B 56            STX UPTR
0280   5224 39                  RTS
0281   5225             
0282   5225             UI_ENTER:
0283   5225 B6 6B 6C            LDAA GAMEOVER
0284   5228 27 03               BEQ UE_ACTIVE
0285   522A 7E 50 1F            JMP UI_WAIT
0286   522D             UE_ACTIVE:
0287   522D B6 6B 7D            LDAA AUTOSIDE
0288   5230 27 09               BEQ UE_HUMAN
0289   5232 CE 6B BB            LDX #MSG_BLACKTURN
0290   5235 BD 59 7E            JSR MESSAGE
0291   5238 7E 50 1F            JMP UI_WAIT
0292   523B             UE_HUMAN:
0293   523B B6 6B 61            LDAA INPUTLEN
0294   523E 81 04               CMPA #4
0295   5240 27 07               BEQ UE_PARSE
0296   5242 81 05               CMPA #5
0297   5244 27 03               BEQ UE_PARSE
0298   5246 7E 53 75            JMP BAD_INPUT
0299   5249             UE_PARSE:
0300   5249 86 01               LDAA #1
0301   524B B7 70 3C            STAA WANTPROM
0302   524E B7 70 3B            STAA PROMCHOICE
0303   5251 B6 6B 61            LDAA INPUTLEN
0304   5254 81 05               CMPA #5
0305   5256 26 1D               BNE UE_COORDS
0306   5258 B6 70 34            LDAA FULLRULES
0307   525B 27 3F               BEQ UE_BAD
0308   525D B6 6B 66            LDAA INPUTBUF+4
0309   5260 C6 01               LDAB #1
0310   5262             UE_PROMOTION:
0311   5262 CE 70 2F            LDX #PROMOLETTERS
0312   5265 3A                  ABX
0313   5266 A1 00               CMPA 0,X
0314   5268 27 08               BEQ UE_SET_PROM
0315   526A 5C                  INCB
0316   526B C1 05               CMPB #5
0317   526D 26 F3               BNE UE_PROMOTION
0318   526F 7E 53 75            JMP BAD_INPUT
0319   5272             UE_SET_PROM:
0320   5272 F7 70 3C            STAB WANTPROM
0321   5275             UE_COORDS:
0322   5275 CE 6B 62            LDX #INPUTBUF
0323   5278 BD 53 87            JSR PARSE_SQUARE
0324   527B 25 1F               BCS UE_BAD
0325   527D B7 6B 68            STAA WANTFROM
0326   5280 CE 6B 64            LDX #INPUTBUF+2
0327   5283 BD 53 87            JSR PARSE_SQUARE
0328   5286 25 14               BCS UE_BAD
0329   5288 B7 6B 69            STAA WANTTO
0330   528B 5F                  CLRB
0331   528C             UE_FIND:
0332   528C CE 4E D0            LDX #BOARD
0333   528F 3A                  ABX
0334   5290 A6 00               LDAA 0,X
0335   5292 B1 6B 68            CMPA WANTFROM
0336   5295 27 08               BEQ UE_FOUND
0337   5297 5C                  INCB
0338   5298 C1 10               CMPB #16
0339   529A 26 F0               BNE UE_FIND
0340   529C 7E 53 75    UE_BAD: JMP BAD_INPUT
0341   529F             UE_FOUND:
0342   529F F7 6B 67            STAB WANTPIECE
0343   52A2 BD 54 09            JSR CHECK_LEGAL        ; Includes own-king check
0344   52A5 B6 6B 5C            LDAA VALIDMOVE
0345   52A8 27 F2               BEQ UE_BAD
0346   52AA B6 6B 67            LDAA WANTPIECE
0347   52AD B7 4F 30            STAA PIECE
0348   52B0 B6 6B 69            LDAA WANTTO
0349   52B3 B7 4F 31            STAA SQUARE
0350   52B6 7F 4F 36            CLR MOVEN
0351   52B9 B6 70 3C            LDAA WANTPROM
0352   52BC B7 70 3B            STAA PROMCHOICE
0353   52BF B6 89 54            LDAA CLAIMING
0354   52C2 27 14               BEQ UE_REAL_MOVE
0355   52C4 7F 89 54            CLR CLAIMING
0356   52C7 BD 89 1B            JSR CLAIM_TRIAL
0357   52CA 4D                  TSTA
0358   52CB 26 03               BNE LONG_19
0359   52CD 7E 50 E2            JMP UI_NOCLAIM
0360   52D0             LONG_19:
0361   52D0 86 04               LDAA #4
0362   52D2 B7 6B 6C            STAA GAMEOVER
0363   52D5 7E 50 1C            JMP UI_MAIN
0364   52D8             UE_REAL_MOVE:
0365   52D8 BD 69 96            JSR MOVE
0366   52DB BD 72 11            JSR RECORD_POSITION
0367   52DE BD 52 18            JSR RESET_STACKS
0368   52E1 7F 6B 61            CLR INPUTLEN
0369   52E4 BD 55 F8            JSR DRAW
0370   52E7 CE 5D 3B            LDX #MSG_THINK
0371   52EA BD 59 7E            JSR MESSAGE
0372   52ED BD 63 63            JSR REVERSE
0373   52F0 BD 54 04            JSR FIND_LEGAL
0374   52F3 B6 6B 5C            LDAA VALIDMOVE
0375   52F6 26 03               BNE LONG_16
0376   52F8 7E 53 5D            JMP UE_END
0377   52FB             LONG_16:
0378   52FB BD 74 A9            JSR CHECK_DRAW
0379   52FE B6 6B 6C            LDAA GAMEOVER
0380   5301 27 09               BEQ UE_THINK
0381   5303 BD 63 63            JSR REVERSE
0382   5306 BD 52 18            JSR RESET_STACKS
0383   5309 7E 50 1C            JMP UI_MAIN
0384   530C             UE_THINK:
0385   530C BD 55 A1            JSR ENGINE_MOVE
0386   530F             UE_REPLY:
0387   530F BD 72 11            JSR RECORD_POSITION
0388   5312 86 77               LDAA #$77
0389   5314 B0 4F 7A            SUBA BESTV             ; GO puts engine-relative from-square in BESTV
0390   5317 F6 70 34            LDAB FULLRULES
0391   531A 26 02               BNE UE_STANDARD_FROM
0392   531C 88 07               EORA #7
0393   531E             UE_STANDARD_FROM:
0394   531E B7 6B 6E            STAA LASTFROM
0395   5321 86 77               LDAA #$77
0396   5323 B0 4F 79            SUBA BESTM
0397   5326 F6 70 34            LDAB FULLRULES
0398   5329 26 02               BNE UE_STANDARD_TO
0399   532B 88 07               EORA #7
0400   532D             UE_STANDARD_TO:
0401   532D B7 6B 6F            STAA LASTTO
0402   5330 BD 63 63            JSR REVERSE
0403   5333 7C 6B 6D            INC TURNCOUNT
0404   5336 26 03               BNE UE_COUNTED
0405   5338 7C 6B 6D            INC TURNCOUNT
0406   533B             UE_COUNTED:
0407   533B BD 52 18            JSR RESET_STACKS
0408   533E BD 54 04            JSR FIND_LEGAL
0409   5341 B6 6B 5C            LDAA VALIDMOVE
0410   5344 26 11               BNE UE_CHECKDRAW
0411   5346 BD 54 3D            JSR CHECK_CURRENT
0412   5349 4D                  TSTA
0413   534A 27 04               BEQ UE_WHITE_DRAW
0414   534C 86 02               LDAA #2
0415   534E 20 02               BRA UE_WHITE_END
0416   5350             UE_WHITE_DRAW:
0417   5350 86 03               LDAA #3
0418   5352             UE_WHITE_END:
0419   5352 B7 6B 6C            STAA GAMEOVER
0420   5355 20 03               BRA UE_CONTINUE
0421   5357             UE_CHECKDRAW:
0422   5357 BD 74 A9            JSR CHECK_DRAW
0423   535A             UE_CONTINUE:
0424   535A 7E 50 1C            JMP UI_MAIN
0425   535D BD 54 3D    UE_END: JSR CHECK_CURRENT
0426   5360 4D                  TSTA
0427   5361 27 04               BEQ UE_BLACK_DRAW
0428   5363 86 01               LDAA #1
0429   5365 20 02               BRA UE_BLACK_END
0430   5367             UE_BLACK_DRAW:
0431   5367 86 03               LDAA #3
0432   5369             UE_BLACK_END:
0433   5369 B7 6B 6C            STAA GAMEOVER
0434   536C BD 63 63            JSR REVERSE
0435   536F BD 52 18            JSR RESET_STACKS
0436   5372 7E 50 1C            JMP UI_MAIN
0437   5375             BAD_INPUT:
0438   5375 7F 89 54            CLR CLAIMING
0439   5378 7F 6B 61            CLR INPUTLEN
0440   537B BD 58 F8            JSR DRAW_INPUT
0441   537E CE 5D 4D            LDX #MSG_ILLEGAL
0442   5381 BD 59 7E            JSR MESSAGE
0443   5384 7E 50 1F            JMP UI_WAIT
0444   5387             
0445   5387             PARSE_SQUARE:
0446   5387 A6 00               LDAA 0,X
0447   5389 81 41               CMPA #$41
0448   538B 25 25               BCS PS_BAD
0449   538D 81 48               CMPA #$48
0450   538F 22 21               BHI PS_BAD
0451   5391 80 41               SUBA #$41
0452   5393 B7 6B 70            STAA UITMP
0453   5396 A6 01               LDAA 1,X
0454   5398 81 31               CMPA #$31
0455   539A 25 16               BCS PS_BAD
0456   539C 81 38               CMPA #$38
0457   539E 22 12               BHI PS_BAD
0458   53A0 80 31               SUBA #$31
0459   53A2 48                  ASLA
0460   53A3 48                  ASLA
0461   53A4 48                  ASLA
0462   53A5 48                  ASLA
0463   53A6 BA 6B 70            ORAA UITMP
0464   53A9 F6 70 34            LDAB FULLRULES
0465   53AC 26 02               BNE PS_STANDARD
0466   53AE 88 07               EORA #7
0467   53B0             PS_STANDARD:
0468   53B0 0C                  CLC
0469   53B1 39                  RTS
0470   53B2 0D          PS_BAD: SEC
0471   53B3 39                  RTS
0472   53B4             VALIDATE_CANDIDATE:
0473   53B4 B6 4E 8F            LDAA QUICKSCAN
0474   53B7 27 03               BEQ VC_NORMAL
0475   53B9 7E 8A A0            JMP QUICK_CANDIDATE
0476   53BC             VC_NORMAL:
0477   53BC B6 6B 67            LDAA WANTPIECE
0478   53BF 81 FF               CMPA #$FF
0479   53C1 26 19               BNE VC_COMPARE
0480   53C3 B6 6B 5C            LDAA VALIDMOVE
0481   53C6 26 3B               BNE VC_DONE
0482   53C8 B6 4F 30            LDAA PIECE
0483   53CB B7 6B 6A            STAA FIRSTPIECE
0484   53CE B6 4F 31            LDAA SQUARE
0485   53D1 B7 6B 6B            STAA FIRSTTO
0486   53D4 B6 70 3B            LDAA PROMCHOICE
0487   53D7 B7 70 3E            STAA FIRSTPROM
0488   53DA 20 18               BRA VC_SUCCESS
0489   53DC             VC_COMPARE:
0490   53DC B6 4F 30            LDAA PIECE
0491   53DF B1 6B 67            CMPA WANTPIECE
0492   53E2 26 1F               BNE VC_DONE
0493   53E4 B6 4F 31            LDAA SQUARE
0494   53E7 B1 6B 69            CMPA WANTTO
0495   53EA 26 17               BNE VC_DONE
0496   53EC B6 70 3B            LDAA PROMCHOICE
0497   53EF B1 70 3C            CMPA WANTPROM
0498   53F2 26 0F               BNE VC_DONE
0499   53F4             VC_SUCCESS:
0500   53F4 86 01               LDAA #1
0501   53F6 B7 6B 5C            STAA VALIDMOVE
0502   53F9 BD 52 18            JSR RESET_STACKS       ; Stop enumeration once a match is found
0503   53FC 7F 6B 5B            CLR VALIDATING
0504   53FF BE 6B 5D            LDS VALIDSP            ; Board trials already undone by CMOVE
0505   5402 39                  RTS                    ; Return directly from CHECK_LEGAL
0506   5403             VC_DONE:
0507   5403 39                  RTS
0508   5404             FIND_LEGAL:
0509   5404 86 FF               LDAA #$FF
0510   5406 B7 6B 67            STAA WANTPIECE
0511   5409             CHECK_LEGAL:
0512   5409 BD 52 18            JSR RESET_STACKS
0513   540C 7F 6B 5C            CLR VALIDMOVE
0514   540F 86 01               LDAA #1
0515   5411 B7 6B 5B            STAA VALIDATING
0516   5414 86 04               LDAA #4
0517   5416 B7 4F 35            STAA STATE
0518   5419 BF 6B 5D            STS VALIDSP
0519   541C BD 54 23            JSR GENERATE_TARGET
0520   541F 7F 6B 5B            CLR VALIDATING
0521   5422 39                  RTS
0522   5423             GENERATE_TARGET:
0523   5423 B6 6B 67            LDAA WANTPIECE
0524   5426 81 FF               CMPA #$FF
0525   5428 26 03               BNE GT_PIECE
0526   542A 7E 60 DD            JMP GNM
0527   542D             GT_PIECE:
0528   542D 4D                  TSTA
0529   542E 26 03               BNE GT_START
0530   5430 BD 6F 28            JSR GENERATE_CASTLES
0531   5433             GT_START:
0532   5433 B6 6B 67            LDAA WANTPIECE
0533   5436 4C                  INCA
0534   5437 B7 4F 30            STAA PIECE
0535   543A 7E 60 EE            JMP NEWP
0536   543D             CHECK_CURRENT:
0537   543D BD 52 18            JSR RESET_STACKS
0538   5440 7E 6B D3            JMP NATIVE_CHECK
0539   5443             ; 128x96 monochrome bitmap at $4000, white/black palette (VDG mode 14).
0540   5443             ; BASIC's whole overlapping $4000-$45FF region is saved and restored.
0541   5443             SAVE_SCREEN:
0542   5443 CE 46 00            LDX #SCREENBACKUP
0543   5446 FF 5D D7            STX COPYDEST
0544   5449 CE 40 00            LDX #$4000
0545   544C             SS_LOOP:
0546   544C A6 00               LDAA 0,X
0547   544E 08                  INX
0548   544F FF 5D D9            STX COPYSOURCE
0549   5452 FE 5D D7            LDX COPYDEST
0550   5455 A7 00               STAA 0,X
0551   5457 08                  INX
0552   5458 FF 5D D7            STX COPYDEST
0553   545B FE 5D D9            LDX COPYSOURCE
0554   545E 8C 46 00            CPX #$4600
0555   5461 26 E9               BNE SS_LOOP
0556   5463 96 00               LDAA $00
0557   5465 B7 5D DB            STAA OLDDDR
0558   5468 96 02               LDAA $02
0559   546A B7 5D DC            STAA OLDSTROBE
0560   546D 86 FF               LDAA #$FF
0561   546F 97 00               STAA $00
0562   5471 86 78               LDAA #$78
0563   5473 B7 BF FF            STAA $BFFF
0564   5476 39                  RTS
0565   5477             RESTORE_SCREEN:
0566   5477 CE 40 00            LDX #$4000
0567   547A FF 5D D7            STX COPYDEST
0568   547D CE 46 00            LDX #SCREENBACKUP
0569   5480             RS_LOOP:
0570   5480 A6 00               LDAA 0,X
0571   5482 08                  INX
0572   5483 FF 5D D9            STX COPYSOURCE
0573   5486 FE 5D D7            LDX COPYDEST
0574   5489 A7 00               STAA 0,X
0575   548B 08                  INX
0576   548C FF 5D D7            STX COPYDEST
0577   548F FE 5D D9            LDX COPYSOURCE
0578   5492 8C 4C 00            CPX #SCREENBACKUP+1536
0579   5495 26 E9               BNE RS_LOOP
0580   5497 B6 5D DB            LDAA OLDDDR
0581   549A 97 00               STAA $00
0582   549C B6 5D DC            LDAA OLDSTROBE
0583   549F 97 02               STAA $02
0584   54A1 4F                  CLRA
0585   54A2 B7 BF FF            STAA $BFFF
0586   54A5 39                  RTS
0587   54A6             KEY_SCAN:
0588   54A6 BD 54 CD            JSR KEY_RAW
0589   54A9 B1 5D DE            CMPA KEYCAND
0590   54AC 27 0A               BEQ KS_STABLE
0591   54AE B7 5D DE            STAA KEYCAND
0592   54B1 C6 10               LDAB #16
0593   54B3 F7 5D DF            STAB KEYCOUNT
0594   54B6 4F                  CLRA
0595   54B7 39                  RTS
0596   54B8             KS_STABLE:
0597   54B8 F6 5D DF            LDAB KEYCOUNT
0598   54BB 27 05               BEQ KS_READY
0599   54BD 7A 5D DF            DEC KEYCOUNT
0600   54C0 4F                  CLRA
0601   54C1 39                  RTS
0602   54C2             KS_READY:
0603   54C2 B1 5D E0            CMPA LASTKEY
0604   54C5 27 04               BEQ KS_NONE
0605   54C7 B7 5D E0            STAA LASTKEY
0606   54CA 39                  RTS
0607   54CB 4F          KS_NONE: CLRA
0608   54CC 39                  RTS
0609   54CD             KEY_RAW:
0610   54CD 7F 5D DD            CLR KEYCOL
0611   54D0             KR_COL:
0612   54D0 F6 5D DD            LDAB KEYCOL
0613   54D3 CE 5D 9F            LDX #COLUMNMASKS
0614   54D6 3A                  ABX
0615   54D7 A6 00               LDAA 0,X
0616   54D9 97 02               STAA $02
0617   54DB B6 BF FF            LDAA $BFFF
0618   54DE 43                  COMA
0619   54DF 84 3F               ANDA #$3F
0620   54E1 27 14               BEQ KR_NEXT
0621   54E3 5F                  CLRB
0622   54E4             KR_ROW:
0623   54E4 44                  LSRA
0624   54E5 25 03               BCS KR_FOUND
0625   54E7 5C                  INCB
0626   54E8 20 FA               BRA KR_ROW
0627   54EA             KR_FOUND:
0628   54EA 58                  ASLB
0629   54EB 58                  ASLB
0630   54EC 58                  ASLB
0631   54ED FB 5D DD            ADDB KEYCOL
0632   54F0 CE 5D A7            LDX #KEYMAP
0633   54F3 3A                  ABX
0634   54F4 A6 00               LDAA 0,X
0635   54F6 39                  RTS
0636   54F7             KR_NEXT:
0637   54F7 7C 5D DD            INC KEYCOL
0638   54FA B6 5D DD            LDAA KEYCOL
0639   54FD 81 08               CMPA #8
0640   54FF 26 CF               BNE KR_COL
0641   5501 4F                  CLRA
0642   5502 39                  RTS
0643   5503             
0644   5503             AUTO_MOVE:
0645   5503 CE 6B A8            LDX #MSG_AUTO_THINK
0646   5506 BD 59 7E            JSR MESSAGE
0647   5509 BD 52 18            JSR RESET_STACKS
0648   550C B6 6B 7D            LDAA AUTOSIDE
0649   550F 27 03               BEQ AM_READY
0650   5511 BD 63 63            JSR REVERSE
0651   5514             AM_READY:
0652   5514 BD 54 04            JSR FIND_LEGAL
0653   5517 B6 6B 5C            LDAA VALIDMOVE
0654   551A 26 14               BNE AM_DRAW
0655   551C BD 54 3D            JSR CHECK_CURRENT
0656   551F 4D                  TSTA
0657   5520 27 07               BEQ AM_STALEMATE
0658   5522 86 02               LDAA #2               ; White is mated
0659   5524 B0 6B 7D            SUBA AUTOSIDE         ; Black is mated -> 1
0660   5527 20 02               BRA AM_END
0661   5529             AM_STALEMATE:
0662   5529 86 03               LDAA #3
0663   552B             AM_END:
0664   552B B7 6B 6C            STAA GAMEOVER
0665   552E 20 62               BRA AM_STOP
0666   5530             AM_DRAW:
0667   5530 BD 74 A9            JSR CHECK_DRAW
0668   5533 B6 6B 6C            LDAA GAMEOVER
0669   5536 26 5A               BNE AM_STOP
0670   5538 B6 70 34            LDAA FULLRULES
0671   553B 27 0C               BEQ AM_PLAY
0672   553D B6 74 CF            LDAA DRAW_AVAILABLE    ; Both computer colors claim available draws
0673   5540 27 07               BEQ AM_PLAY
0674   5542 86 04               LDAA #4
0675   5544 B7 6B 6C            STAA GAMEOVER
0676   5547 20 49               BRA AM_STOP
0677   5549             AM_PLAY:
0678   5549 BD 55 A1            JSR ENGINE_MOVE
0679   554C BD 72 11            JSR RECORD_POSITION
0680   554F B6 4F 7A            LDAA BESTV
0681   5552 F6 6B 7D            LDAB AUTOSIDE
0682   5555 27 02               BEQ AM_FROM
0683   5557 88 77               EORA #$77
0684   5559             AM_FROM:
0685   5559 F6 70 34            LDAB FULLRULES
0686   555C 26 02               BNE AM_FROM_STANDARD
0687   555E 88 07               EORA #7
0688   5560             AM_FROM_STANDARD:
0689   5560 B7 6B 6E            STAA LASTFROM
0690   5563 B6 4F 79            LDAA BESTM
0691   5566 F6 6B 7D            LDAB AUTOSIDE
0692   5569 27 02               BEQ AM_TO
0693   556B 88 77               EORA #$77
0694   556D             AM_TO:
0695   556D F6 70 34            LDAB FULLRULES
0696   5570 26 02               BNE AM_TO_STANDARD
0697   5572 88 07               EORA #7
0698   5574             AM_TO_STANDARD:
0699   5574 B7 6B 6F            STAA LASTTO
0700   5577 B6 6B 7D            LDAA AUTOSIDE
0701   557A 27 03               BEQ AM_TOGGLE
0702   557C BD 63 63            JSR REVERSE           ; Display and pause always retain White orientation
0703   557F             AM_TOGGLE:
0704   557F B6 6B 7D            LDAA AUTOSIDE
0705   5582 88 01               EORA #1
0706   5584 B7 6B 7D            STAA AUTOSIDE
0707   5587 7C 6B 6D            INC TURNCOUNT
0708   558A 26 03               BNE AM_RETURN
0709   558C 7C 6B 6D            INC TURNCOUNT
0710   558F             AM_RETURN:
0711   558F 7E 52 18            JMP RESET_STACKS
0712   5592             AM_STOP:
0713   5592 86 02               LDAA #2
0714   5594 B7 6B 7C            STAA AUTOMODE
0715   5597 B6 6B 7D            LDAA AUTOSIDE
0716   559A 27 F3               BEQ AM_RETURN
0717   559C BD 63 63            JSR REVERSE
0718   559F 20 EE               BRA AM_RETURN
0719   55A1             ENGINE_MOVE:
0720   55A1 7F 4E 98            CLR BOOKHIT
0721   55A4 B6 70 34            LDAA FULLRULES
0722   55A7 27 17               BEQ EM_ORIGINAL
0723   55A9 B6 5B 79            LDAA QUICKMODE
0724   55AC 27 12               BEQ EM_ORIGINAL
0725   55AE BD 8C 14            JSR BOOK_TRY
0726   55B1 B6 6B 5F            LDAA SEARCHOK
0727   55B4 26 41               BNE ENGINE_DONE
0728   55B6 BD 8A 4A            JSR QUICK_GO
0729   55B9 B6 6B 5F            LDAA SEARCHOK
0730   55BC 26 39               BNE ENGINE_DONE
0731   55BE 20 10               BRA EM_FALLBACK
0732   55C0             EM_ORIGINAL:
0733   55C0 86 FF               LDAA #$FF
0734   55C2 B7 4F 5C            STAA OMOVE
0735   55C5 7F 6B 5F            CLR SEARCHOK
0736   55C8 BD 66 3D            JSR GO
0737   55CB B6 6B 5F            LDAA SEARCHOK
0738   55CE 26 27               BNE ENGINE_DONE
0739   55D0             EM_FALLBACK:
0740   55D0 B6 6B 6A            LDAA FIRSTPIECE        ; Legal fallback if old evaluator resigns
0741   55D3 B7 4F 30            STAA PIECE
0742   55D6 B7 4F 7B            STAA BESTP
0743   55D9 F6 4F 30            LDAB PIECE
0744   55DC CE 4E D0            LDX #BOARD
0745   55DF 3A                  ABX
0746   55E0 A6 00               LDAA 0,X
0747   55E2 B7 4F 7A            STAA BESTV
0748   55E5 B6 6B 6B            LDAA FIRSTTO
0749   55E8 B7 4F 31            STAA SQUARE
0750   55EB B7 4F 79            STAA BESTM
0751   55EE B6 70 3E            LDAA FIRSTPROM
0752   55F1 B7 70 3B            STAA PROMCHOICE
0753   55F4 BD 69 96            JSR MOVE
0754   55F7 39          ENGINE_DONE: RTS
0755   55F8             
0756   55F8             DRAW:
0757   55F8 B6 6B 7A            LDAA DRAWFULL
0758   55FB 27 0D               BEQ GD_START
0759   55FD CE 40 00            LDX #$4000
0760   5600 86 FF               LDAA #$FF
0761   5602             GD_CLEAR:
0762   5602 A7 00               STAA 0,X
0763   5604 08                  INX
0764   5605 8C 46 00            CPX #$4600
0765   5608 26 F8               BNE GD_CLEAR
0766   560A             GD_START:
0767   560A 7F 6B 71            CLR UIROW
0768   560D             GD_ROW:
0769   560D 7F 6B 72            CLR UICOL
0770   5610             GD_COL:
0771   5610 B6 6B 72            LDAA UICOL
0772   5613 C6 0A               LDAB #10
0773   5615 3D                  MUL
0774   5616 CB 08               ADDB #8
0775   5618 F7 5D E7            STAB TILEX
0776   561B B6 6B 71            LDAA UIROW
0777   561E C6 0A               LDAB #10
0778   5620 3D                  MUL
0779   5621 CB 08               ADDB #8
0780   5623 F7 5D E8            STAB TILEY
0781   5626 B6 6B 71            LDAA UIROW
0782   5629 B8 6B 72            EORA UICOL
0783   562C 84 01               ANDA #1
0784   562E B7 5D E9            STAA TILEBG
0785   5631 7F 89 7F            CLR HIGHLIGHT
0786   5634 B6 6B 6D            LDAA TURNCOUNT
0787   5637 27 19               BEQ GD_NO_HIGHLIGHT
0788   5639 86 07               LDAA #7
0789   563B B0 6B 71            SUBA UIROW
0790   563E 48                  ASLA
0791   563F 48                  ASLA
0792   5640 48                  ASLA
0793   5641 48                  ASLA
0794   5642 BA 6B 72            ORAA UICOL
0795   5645 B1 6B 6E            CMPA LASTFROM
0796   5648 27 05               BEQ GD_HIGHLIGHT
0797   564A B1 6B 6F            CMPA LASTTO
0798   564D 26 03               BNE GD_NO_HIGHLIGHT
0799   564F             GD_HIGHLIGHT:
0800   564F 7C 89 7F            INC HIGHLIGHT
0801   5652             GD_NO_HIGHLIGHT:
0802   5652 86 07               LDAA #7
0803   5654 B0 6B 71            SUBA UIROW
0804   5657 48                  ASLA
0805   5658 48                  ASLA
0806   5659 48                  ASLA
0807   565A 48                  ASLA
0808   565B BA 6B 72            ORAA UICOL
0809   565E F6 70 34            LDAB FULLRULES
0810   5661 26 02               BNE GD_CACHE_STANDARD
0811   5663 88 07               EORA #7
0812   5665             GD_CACHE_STANDARD:
0813   5665 BD 6C B5            JSR LOOKUP
0814   5668 B7 5D EC            STAA DRAWPIECE
0815   566B 81 FF               CMPA #$FF
0816   566D 27 16               BEQ GD_EMPTY_KEY
0817   566F 16                  TAB
0818   5670 BD 6C 9C            JSR TYPE_OF
0819   5673 F6 5D EC            LDAB DRAWPIECE
0820   5676 C1 10               CMPB #16
0821   5678 25 02               BCS GD_STYLE_KEY
0822   567A 8A 08               ORAA #8
0823   567C             GD_STYLE_KEY:
0824   567C F6 5B D8            LDAB LETTERMODE
0825   567F 27 02               BEQ GD_STYLE_READY
0826   5681 8A 20               ORAA #32              ; Appearance cache includes the piece style
0827   5683             GD_STYLE_READY:
0828   5683 20 01               BRA GD_VISUAL_KEY
0829   5685             GD_EMPTY_KEY:
0830   5685 4F                  CLRA
0831   5686             GD_VISUAL_KEY:
0832   5686 F6 89 7F            LDAB HIGHLIGHT
0833   5689 27 02               BEQ GD_KEY_READY
0834   568B 8A 10               ORAA #16
0835   568D             GD_KEY_READY:
0836   568D 36                  PSHA
0837   568E B6 6B 71            LDAA UIROW
0838   5691 48                  ASLA
0839   5692 48                  ASLA
0840   5693 48                  ASLA
0841   5694 BA 6B 72            ORAA UICOL
0842   5697 16                  TAB
0843   5698 CE 4C 00            LDX #TILECACHE
0844   569B 3A                  ABX
0845   569C 32                  PULA
0846   569D A1 00               CMPA 0,X
0847   569F 26 08               BNE GD_DIRTY
0848   56A1 F6 6B 7A            LDAB DRAWFULL
0849   56A4 26 03               BNE GD_DIRTY
0850   56A6 7E 57 91            JMP GD_NEXT
0851   56A9             GD_DIRTY:
0852   56A9 A7 00               STAA 0,X
0853   56AB 7F 5D EA            CLR PIXROW
0854   56AE             GD_TILE_ROW:
0855   56AE 7F 5D EB            CLR PIXCOL
0856   56B1             GD_TILE_COL:
0857   56B1 B6 5D E7            LDAA TILEX
0858   56B4 BB 5D EB            ADDA PIXCOL
0859   56B7 B7 5D E1            STAA GX
0860   56BA B6 5D E8            LDAA TILEY
0861   56BD BB 5D EA            ADDA PIXROW
0862   56C0 B7 5D E2            STAA GY
0863   56C3 86 01               LDAA #1
0864   56C5 F6 5D E9            LDAB TILEBG
0865   56C8 27 08               BEQ GD_BG
0866   56CA B6 5D E1            LDAA GX
0867   56CD B8 5D E2            EORA GY
0868   56D0 84 01               ANDA #1
0869   56D2             GD_BG:
0870   56D2 F6 89 7F            LDAB HIGHLIGHT
0871   56D5 27 14               BEQ GD_BG_PLOT
0872   56D7 F6 5D EA            LDAB PIXROW
0873   56DA 27 0D               BEQ GD_BG_FLIP
0874   56DC C1 09               CMPB #9
0875   56DE 27 09               BEQ GD_BG_FLIP
0876   56E0 F6 5D EB            LDAB PIXCOL
0877   56E3 27 04               BEQ GD_BG_FLIP
0878   56E5 C1 09               CMPB #9
0879   56E7 26 02               BNE GD_BG_PLOT
0880   56E9             GD_BG_FLIP:
0881   56E9 88 01               EORA #1
0882   56EB             GD_BG_PLOT:
0883   56EB BD 5A CC            JSR PLOT
0884   56EE 7C 5D EB            INC PIXCOL
0885   56F1 B6 5D EB            LDAA PIXCOL
0886   56F4 81 0A               CMPA #10
0887   56F6 26 B9               BNE GD_TILE_COL
0888   56F8 7C 5D EA            INC PIXROW
0889   56FB B6 5D EA            LDAA PIXROW
0890   56FE 81 0A               CMPA #10
0891   5700 26 AC               BNE GD_TILE_ROW
0892   5702 B6 5D EC            LDAA DRAWPIECE
0893   5705 81 FF               CMPA #$FF
0894   5707 26 03               BNE LONG_30
0895   5709 7E 57 91            JMP GD_NEXT
0896   570C             LONG_30:
0897   570C 16                  TAB
0898   570D BD 6C 9C            JSR TYPE_OF
0899   5710 4A                  DECA
0900   5711 C6 10               LDAB #16
0901   5713 CE 71 6F            LDX #SPRITES
0902   5716 7D 5B D8            TST LETTERMODE
0903   5719 27 05               BEQ GD_SPR_POINTER
0904   571B C6 08               LDAB #8
0905   571D CE 71 C7            LDX #LETTERSPRITES-8   ; Reuse the sprite interior/color drawing path
0906   5720             GD_SPR_POINTER:
0907   5720 FF 5D ED            STX SPRITEPTR
0908   5723 3D                  MUL
0909   5724 F3 5D ED            ADDD SPRITEPTR
0910   5727 FD 5D ED            STD SPRITEPTR
0911   572A 7F 5D EA            CLR PIXROW
0912   572D             GD_SPR_ROW:
0913   572D 7F 5D EB            CLR PIXCOL
0914   5730             GD_SPR_COL:
0915   5730 F6 5D EB            LDAB PIXCOL
0916   5733 CE 5D 94            LDX #BITMASKS
0917   5736 3A                  ABX
0918   5737 A6 00               LDAA 0,X
0919   5739 B7 5D EF            STAA SPRMASK
0920   573C F6 5D EA            LDAB PIXROW
0921   573F FE 5D ED            LDX SPRITEPTR
0922   5742 3A                  ABX
0923   5743 7D 5B D8            TST LETTERMODE
0924   5746 26 07               BNE GD_SPR_INTERIOR    ; Letter tiles have a solid 8x8 background
0925   5748 A6 00               LDAA 0,X
0926   574A B4 5D EF            ANDA SPRMASK
0927   574D 27 2E               BEQ GD_SPR_NEXT
0928   574F             GD_SPR_INTERIOR:
0929   574F A6 08               LDAA 8,X
0930   5751 B4 5D EF            ANDA SPRMASK
0931   5754 27 04               BEQ GD_OUTLINE
0932   5756 86 01               LDAA #1
0933   5758 20 01               BRA GD_COLOR
0934   575A             GD_OUTLINE:
0935   575A 4F                  CLRA
0936   575B             GD_COLOR:
0937   575B F6 5D EC            LDAB DRAWPIECE
0938   575E C1 10               CMPB #16
0939   5760 25 02               BCS GD_PAINT
0940   5762 88 01               EORA #1
0941   5764             GD_PAINT:
0942   5764 36                  PSHA
0943   5765 B6 5D E7            LDAA TILEX
0944   5768 4C                  INCA
0945   5769 BB 5D EB            ADDA PIXCOL
0946   576C B7 5D E1            STAA GX
0947   576F B6 5D E8            LDAA TILEY
0948   5772 4C                  INCA
0949   5773 BB 5D EA            ADDA PIXROW
0950   5776 B7 5D E2            STAA GY
0951   5779 32                  PULA
0952   577A BD 5A CC            JSR PLOT
0953   577D             GD_SPR_NEXT:
0954   577D 7C 5D EB            INC PIXCOL
0955   5780 B6 5D EB            LDAA PIXCOL
0956   5783 81 08               CMPA #8
0957   5785 26 A9               BNE GD_SPR_COL
0958   5787 7C 5D EA            INC PIXROW
0959   578A B6 5D EA            LDAA PIXROW
0960   578D 81 08               CMPA #8
0961   578F 26 9C               BNE GD_SPR_ROW
0962   5791             GD_NEXT:
0963   5791 7C 6B 72            INC UICOL
0964   5794 B6 6B 72            LDAA UICOL
0965   5797 81 08               CMPA #8
0966   5799 27 03               BEQ LONG_4
0967   579B 7E 56 10            JMP GD_COL
0968   579E             LONG_4:
0969   579E 7C 6B 71            INC UIROW
0970   57A1 B6 6B 71            LDAA UIROW
0971   57A4 81 08               CMPA #8
0972   57A6 27 03               BEQ LONG_5
0973   57A8 7E 56 0D            JMP GD_ROW
0974   57AB             LONG_5:
0975   57AB B6 6B 7A            LDAA DRAWFULL
0976   57AE 26 03               BNE GD_STATIC
0977   57B0 7E 57 F3            JMP GD_SIDEBAR
0978   57B3             GD_STATIC:
0979   57B3 7F 6B 71            CLR UIROW
0980   57B6             GD_LABEL:
0981   57B6 B6 6B 71            LDAA UIROW
0982   57B9 C6 0A               LDAB #10
0983   57BB 3D                  MUL
0984   57BC CB 0C               ADDB #12
0985   57BE F7 5D F0            STAB CHARX
0986   57C1 86 01               LDAA #1
0987   57C3 B7 5D F1            STAA CHARY
0988   57C6 B6 6B 71            LDAA UIROW
0989   57C9 8B 41               ADDA #$41
0990   57CB BD 5A 31            JSR G_CHAR
0991   57CE 86 01               LDAA #1
0992   57D0 B7 5D F0            STAA CHARX
0993   57D3 B6 6B 71            LDAA UIROW
0994   57D6 C6 0A               LDAB #10
0995   57D8 3D                  MUL
0996   57D9 CB 0B               ADDB #11
0997   57DB F7 5D F1            STAB CHARY
0998   57DE 86 38               LDAA #$38
0999   57E0 B0 6B 71            SUBA UIROW
1000   57E3 BD 5A 31            JSR G_CHAR
1001   57E6 7C 6B 71            INC UIROW
1002   57E9 B6 6B 71            LDAA UIROW
1003   57EC 81 08               CMPA #8
1004   57EE 26 C6               BNE GD_LABEL
1005   57F0 7F 6B 7A            CLR DRAWFULL
1006   57F3             GD_SIDEBAR:
1007   57F3 CE 5B 15            LDX #TITLE
1008   57F6 86 05               LDAA #5
1009   57F8 BD 59 99            JSR G_SIDE
1010   57FB CE 5B 20            LDX #RULELABEL
1011   57FE 86 0D               LDAA #13
1012   5800 BD 59 99            JSR G_SIDE
1013   5803 CE 5B 27            LDX #RULETITLE
1014   5806 B6 70 34            LDAA FULLRULES
1015   5809 26 03               BNE GD_RULE
1016   580B CE 5B 2E            LDX #HISTTITLE
1017   580E             GD_RULE:
1018   580E 86 13               LDAA #19
1019   5810 BD 59 99            JSR G_SIDE
1020   5813 CE 5B 36            LDX #RULECLASSIC
1021   5816 B6 70 34            LDAA FULLRULES
1022   5819 26 03               BNE GD_RULE_KEY
1023   581B CE 5B 40            LDX #RULEMODERN
1024   581E             GD_RULE_KEY:
1025   581E 86 19               LDAA #25
1026   5820 BD 59 99            JSR G_SIDE
1027   5823 CE 5B 49            LDX #SEARCHLABEL
1028   5826 86 21               LDAA #33
1029   5828 BD 59 99            JSR G_SIDE
1030   582B CE 5B 65            LDX #QUICKTITLE
1031   582E B6 70 34            LDAA FULLRULES
1032   5831 27 05               BEQ GD_LEGACY_SPEED
1033   5833 B6 5B 79            LDAA QUICKMODE
1034   5836 26 0B               BNE GD_SPEED
1035   5838             GD_LEGACY_SPEED:
1036   5838 CE 5B 50            LDX #ORIGTITLE
1037   583B B6 6B 60            LDAA FASTMODE
1038   583E 27 03               BEQ GD_SPEED
1039   5840 CE 5B 59            LDX #FASTTITLE
1040   5843             GD_SPEED:
1041   5843 86 27               LDAA #39
1042   5845 BD 59 99            JSR G_SIDE
1043   5848 CE 5B 5E            LDX #SEARCHDEEP
1044   584B B6 70 34            LDAA FULLRULES
1045   584E 27 0D               BEQ GD_LEGACY_KEY
1046   5850 B6 5B 79            LDAA QUICKMODE
1047   5853 26 13               BNE GD_SPEED_KEY
1048   5855 CE 5B 6B            LDX #SEARCHQUICK
1049   5858 B6 6B 60            LDAA FASTMODE
1050   585B 27 0B               BEQ GD_SPEED_KEY
1051   585D             GD_LEGACY_KEY:
1052   585D CE 5B 5E            LDX #SEARCHDEEP
1053   5860 B6 6B 60            LDAA FASTMODE
1054   5863 27 03               BEQ GD_SPEED_KEY
1055   5865 CE 5B 7A            LDX #SEARCHORIG
1056   5868             GD_SPEED_KEY:
1057   5868 86 2D               LDAA #45
1058   586A BD 59 99            JSR G_SIDE
1059   586D CE 5B 73            LDX #QUICKLIMIT
1060   5870 B6 70 34            LDAA FULLRULES
1061   5873 27 05               BEQ GD_NORMAL_LIMIT
1062   5875 B6 5B 79            LDAA QUICKMODE
1063   5878 26 15               BNE GD_LIMIT
1064   587A             GD_NORMAL_LIMIT:
1065   587A CE 5B 8E            LDX #LIMITOFF
1066   587D B6 70 34            LDAA FULLRULES
1067   5880 27 0A               BEQ GD_HIST_LIMIT
1068   5882 B6 8A 49            LDAA LIMITMODE
1069   5885 27 08               BEQ GD_LIMIT
1070   5887 CE 5B 85            LDX #LIMITON
1071   588A 20 03               BRA GD_LIMIT
1072   588C             GD_HIST_LIMIT:
1073   588C CE 5B 98            LDX #UNLIMITED
1074   588F             GD_LIMIT:
1075   588F 86 35               LDAA #53
1076   5891 BD 59 99            JSR G_SIDE
1077   5894 CE 5B 78            LDX #QUICKLIMIT+5      ; Blank L action when QUICK or CLASSIC is selected
1078   5897 B6 70 34            LDAA FULLRULES
1079   589A 27 10               BEQ GD_LIMIT_KEY
1080   589C B6 5B 79            LDAA QUICKMODE
1081   589F 26 0B               BNE GD_LIMIT_KEY
1082   58A1 CE 5B A8            LDX #LIMITKEYON
1083   58A4 B6 8A 49            LDAA LIMITMODE
1084   58A7 27 03               BEQ GD_LIMIT_KEY
1085   58A9 CE 5B A2            LDX #LIMITKEYOFF
1086   58AC             GD_LIMIT_KEY:
1087   58AC 86 3B               LDAA #59
1088   58AE BD 59 99            JSR G_SIDE
1089   58B1             GD_HELP:
1090   58B1 CE 5B AD            LDX #HELP
1091   58B4 86 41               LDAA #65
1092   58B6 BD 59 99            JSR G_SIDE
1093   58B9 CE 5B BB            LDX #HELP4
1094   58BC 86 47               LDAA #71
1095   58BE BD 59 99            JSR G_SIDE
1096   58C1 CE 5B C3            LDX #STYLELETTERS
1097   58C4 B6 5B D8            LDAA LETTERMODE
1098   58C7 27 03               BEQ GD_STYLE_ACTION
1099   58C9 CE 5B CD            LDX #STYLEGRAPHICS
1100   58CC             GD_STYLE_ACTION:
1101   58CC 86 4D               LDAA #77
1102   58CE BD 59 99            JSR G_SIDE
1103   58D1 CE 5B B3            LDX #HELP3
1104   58D4 86 53               LDAA #83
1105   58D6 BD 59 99            JSR G_SIDE
1106   58D9 B6 6B 6C            LDAA GAMEOVER
1107   58DC 27 1A               BEQ DRAW_INPUT
1108   58DE 81 01               CMPA #1
1109   58E0 26 06               BNE GD_LOSE
1110   58E2 CE 5D 5A            LDX #MSG_WIN
1111   58E5 7E 59 7E            JMP MESSAGE
1112   58E8             GD_LOSE:
1113   58E8 81 02               CMPA #2
1114   58EA 26 06               BNE GD_DRAW
1115   58EC CE 5D 69            LDX #MSG_LOSE
1116   58EF 7E 59 7E            JMP MESSAGE
1117   58F2             GD_DRAW:
1118   58F2 CE 5D 7B            LDX #MSG_DRAW
1119   58F5 7E 59 7E            JMP MESSAGE
1120   58F8             DRAW_INPUT:
1121   58F8 BD 59 8E            JSR CLEAR_FOOTER
1122   58FB B6 6B 7C            LDAA AUTOMODE
1123   58FE 27 14               BEQ GI_MANUAL
1124   5900 CE 6B 9F            LDX #AUTO_PAUSED
1125   5903 81 02               CMPA #2
1126   5905 27 1B               BEQ GI_PROMPT
1127   5907 CE 6B 7F            LDX #AUTO_WHITE
1128   590A B6 6B 7D            LDAA AUTOSIDE
1129   590D 27 13               BEQ GI_PROMPT
1130   590F CE 6B 8F            LDX #AUTO_BLACK
1131   5912 20 0E               BRA GI_PROMPT
1132   5914             GI_MANUAL:
1133   5914 BD 6B D3            JSR NATIVE_CHECK
1134   5917 4D                  TSTA
1135   5918 27 05               BEQ GI_READY
1136   591A CE 89 77            LDX #CHECKPROMPT
1137   591D 20 03               BRA GI_PROMPT
1138   591F             GI_READY:
1139   591F CE 5D 8D            LDX #PROMPT
1140   5922             GI_PROMPT:
1141   5922 BD 59 F2            JSR G_TEXT
1142   5925 CE 6B 62            LDX #INPUTBUF
1143   5928 FF 6B 78            STX TEXTSOURCE
1144   592B 7F 5D F7            CLR INPUTINDEX
1145   592E             GI_LOOP:
1146   592E B6 5D F7            LDAA INPUTINDEX
1147   5931 B1 6B 61            CMPA INPUTLEN
1148   5934 27 17               BEQ GI_DONE
1149   5936 16                  TAB
1150   5937 CE 6B 62            LDX #INPUTBUF
1151   593A 3A                  ABX
1152   593B A6 00               LDAA 0,X
1153   593D BD 5A 31            JSR G_CHAR
1154   5940 B6 5D F0            LDAA CHARX
1155   5943 8B 04               ADDA #4
1156   5945 B7 5D F0            STAA CHARX
1157   5948 7C 5D F7            INC INPUTINDEX
1158   594B 20 E1               BRA GI_LOOP
1159   594D             GI_DONE:
1160   594D 86 59               LDAA #89
1161   594F B7 6B 7B            STAA PADEND
1162   5952 BD 59 A9            JSR G_PAD
1163   5955 B6 6B 6D            LDAA TURNCOUNT
1164   5958 27 1C               BEQ GI_RETURN
1165   595A CE 5B D9            LDX #LASTLABEL
1166   595D 86 5A               LDAA #90
1167   595F B7 5D F1            STAA CHARY
1168   5962 86 59               LDAA #89
1169   5964 B7 5D F0            STAA CHARX
1170   5967 BD 59 F2            JSR G_TEXT
1171   596A B6 6B 6E            LDAA LASTFROM
1172   596D BD 5A 0E            JSR G_COORD
1173   5970 B6 6B 6F            LDAA LASTTO
1174   5973 BD 5A 0E            JSR G_COORD
1175   5976             GI_RETURN:
1176   5976 86 80               LDAA #128
1177   5978 B7 6B 7B            STAA PADEND
1178   597B 7E 59 A9            JMP G_PAD
1179   597E             MESSAGE:
1180   597E 3C                  PSHX
1181   597F BD 59 8E            JSR CLEAR_FOOTER
1182   5982 38                  PULX
1183   5983 BD 59 F2            JSR G_TEXT
1184   5986 86 80               LDAA #128
1185   5988 B7 6B 7B            STAA PADEND
1186   598B 7E 59 A9            JMP G_PAD
1187   598E             CLEAR_FOOTER:
1188   598E 86 01               LDAA #1
1189   5990 B7 5D F0            STAA CHARX
1190   5993 86 5A               LDAA #90
1191   5995 B7 5D F1            STAA CHARY
1192   5998 39                  RTS
1193   5999             G_SIDE:
1194   5999 B7 5D F1            STAA CHARY
1195   599C 86 59               LDAA #89
1196   599E B7 5D F0            STAA CHARX
1197   59A1 BD 59 F2            JSR G_TEXT
1198   59A4 86 80               LDAA #128
1199   59A6 B7 6B 7B            STAA PADEND
1200   59A9             G_PAD:
1201   59A9 B6 5D F0            LDAA CHARX
1202   59AC B1 6B 7B            CMPA PADEND
1203   59AF 24 0F               BCC GPAD_DONE
1204   59B1 86 20               LDAA #32
1205   59B3 BD 5A 31            JSR G_CHAR
1206   59B6 B6 5D F0            LDAA CHARX
1207   59B9 8B 04               ADDA #4
1208   59BB B7 5D F0            STAA CHARX
1209   59BE 20 E9               BRA G_PAD
1210   59C0 39          GPAD_DONE: RTS
1211   59C1             DRAW_HELP:
1212   59C1 86 01               LDAA #1
1213   59C3 B7 6B 7A            STAA DRAWFULL
1214   59C6 CE 40 00            LDX #$4000
1215   59C9 86 FF               LDAA #$FF
1216   59CB             GH_CLEAR:
1217   59CB A7 00               STAA 0,X
1218   59CD 08                  INX
1219   59CE 8C 46 00            CPX #$4600
1220   59D1 26 F8               BNE GH_CLEAR
1221   59D3 7F 5D F1            CLR CHARY
1222   59D6 CE 5B DF            LDX #INSTRUCTIONS
1223   59D9             GH_LINE:
1224   59D9 86 01               LDAA #1
1225   59DB B7 5D F0            STAA CHARX
1226   59DE BD 59 F2            JSR G_TEXT
1227   59E1 FE 6B 78            LDX TEXTSOURCE
1228   59E4 08                  INX
1229   59E5 B6 5D F1            LDAA CHARY
1230   59E8 8B 06               ADDA #6
1231   59EA B7 5D F1            STAA CHARY
1232   59ED 81 60               CMPA #96
1233   59EF 26 E8               BNE GH_LINE
1234   59F1 39                  RTS
1235   59F2             G_TEXT:
1236   59F2 FF 6B 78            STX TEXTSOURCE
1237   59F5             GT_LOOP:
1238   59F5 FE 6B 78            LDX TEXTSOURCE
1239   59F8 A6 00               LDAA 0,X
1240   59FA 27 11               BEQ GT_DONE
1241   59FC 08                  INX
1242   59FD FF 6B 78            STX TEXTSOURCE
1243   5A00 BD 5A 31            JSR G_CHAR
1244   5A03 B6 5D F0            LDAA CHARX
1245   5A06 8B 04               ADDA #4
1246   5A08 B7 5D F0            STAA CHARX
1247   5A0B 20 E8               BRA GT_LOOP
1248   5A0D 39          GT_DONE: RTS
1249   5A0E             G_COORD:
1250   5A0E 36                  PSHA
1251   5A0F 84 07               ANDA #7
1252   5A11 8B 41               ADDA #$41
1253   5A13 BD 5A 31            JSR G_CHAR
1254   5A16 B6 5D F0            LDAA CHARX
1255   5A19 8B 04               ADDA #4
1256   5A1B B7 5D F0            STAA CHARX
1257   5A1E 32                  PULA
1258   5A1F 44                  LSRA
1259   5A20 44                  LSRA
1260   5A21 44                  LSRA
1261   5A22 44                  LSRA
1262   5A23 8B 31               ADDA #$31
1263   5A25 BD 5A 31            JSR G_CHAR
1264   5A28 B6 5D F0            LDAA CHARX
1265   5A2B 8B 04               ADDA #4
1266   5A2D B7 5D F0            STAA CHARX
1267   5A30 39                  RTS
1268   5A31             G_CHAR:
1269   5A31             ; All font callers use fixed, checked positions (x<=125, y<=90).
1270   5A31 80 20               SUBA #32
1271   5A33 C6 05               LDAB #5
1272   5A35 3D                  MUL
1273   5A36 C3 70 48            ADDD #SMALLFONT
1274   5A39 FD 5D F5            STD FONTPTR
1275   5A3C B6 5D F0            LDAA CHARX
1276   5A3F 84 07               ANDA #7
1277   5A41 B7 5D F3            STAA FONTCOL
1278   5A44 CC E0 00            LDD #$E000
1279   5A47             GF_MASK:
1280   5A47 7D 5D F3            TST FONTCOL
1281   5A4A 27 06               BEQ GF_ADDRESS
1282   5A4C 04                  LSRD
1283   5A4D 7A 5D F3            DEC FONTCOL
1284   5A50 20 F5               BRA GF_MASK
1285   5A52             GF_ADDRESS:
1286   5A52 FD 4E 9A            STD GLYPHMASK
1287   5A55 B6 5D F1            LDAA CHARY
1288   5A58 C6 10               LDAB #16
1289   5A5A 3D                  MUL
1290   5A5B C3 40 00            ADDD #$4000
1291   5A5E FD 5D E5            STD PIXPTR
1292   5A61 B6 5D F0            LDAA CHARX
1293   5A64 44                  LSRA
1294   5A65 44                  LSRA
1295   5A66 44                  LSRA
1296   5A67 16                  TAB
1297   5A68 4F                  CLRA
1298   5A69 F3 5D E5            ADDD PIXPTR
1299   5A6C FD 5D E5            STD PIXPTR
1300   5A6F 7F 5D F2            CLR FONTROW
1301   5A72             GF_ROW:
1302   5A72 FE 5D F5            LDX FONTPTR
1303   5A75 A6 00               LDAA 0,X
1304   5A77 08                  INX
1305   5A78 FF 5D F5            STX FONTPTR
1306   5A7B 48                  ASLA
1307   5A7C 48                  ASLA
1308   5A7D 48                  ASLA
1309   5A7E 48                  ASLA
1310   5A7F 48                  ASLA
1311   5A80 5F                  CLRB
1312   5A81 36                  PSHA
1313   5A82 B6 5D F0            LDAA CHARX
1314   5A85 84 07               ANDA #7
1315   5A87 B7 5D F3            STAA FONTCOL
1316   5A8A 32                  PULA
1317   5A8B             GF_BITS:
1318   5A8B 7D 5D F3            TST FONTCOL
1319   5A8E 27 06               BEQ GF_PAINT
1320   5A90 04                  LSRD
1321   5A91 7A 5D F3            DEC FONTCOL
1322   5A94 20 F5               BRA GF_BITS
1323   5A96             GF_PAINT:
1324   5A96 43                  COMA
1325   5A97 53                  COMB
1326   5A98 FD 4E 9C            STD GLYPHWHITE
1327   5A9B FE 5D E5            LDX PIXPTR
1328   5A9E EC 00               LDD 0,X
1329   5AA0 BA 4E 9A            ORAA GLYPHMASK
1330   5AA3 FA 4E 9B            ORAB GLYPHMASK+1
1331   5AA6 B4 4E 9C            ANDA GLYPHWHITE
1332   5AA9 F4 4E 9D            ANDB GLYPHWHITE+1
1333   5AAC A1 00               CMPA 0,X
1334   5AAE 27 02               BEQ GF_LOW
1335   5AB0 A7 00               STAA 0,X
1336   5AB2             GF_LOW:
1337   5AB2 E1 01               CMPB 1,X
1338   5AB4 27 02               BEQ GF_NEXT
1339   5AB6 E7 01               STAB 1,X
1340   5AB8             GF_NEXT:
1341   5AB8 FC 5D E5            LDD PIXPTR
1342   5ABB C3 00 10            ADDD #16
1343   5ABE FD 5D E5            STD PIXPTR
1344   5AC1 7C 5D F2            INC FONTROW
1345   5AC4 B6 5D F2            LDAA FONTROW
1346   5AC7 81 05               CMPA #5
1347   5AC9 26 A7               BNE GF_ROW
1348   5ACB 39          GF_DONE: RTS
1349   5ACC             ; GX/GY pixel; A=0 black or 1 white. Safe clipping.
1350   5ACC             PLOT:
1351   5ACC B7 5D E3            STAA PLOTCOLOR
1352   5ACF B6 5D E1            LDAA GX
1353   5AD2 81 80               CMPA #128
1354   5AD4 24 3E               BCC GP_DONE
1355   5AD6 84 07               ANDA #7
1356   5AD8 16                  TAB
1357   5AD9 CE 5D 94            LDX #BITMASKS
1358   5ADC 3A                  ABX
1359   5ADD A6 00               LDAA 0,X
1360   5ADF B7 5D E4            STAA PLOTMASK
1361   5AE2 B6 5D E2            LDAA GY
1362   5AE5 81 60               CMPA #96
1363   5AE7 24 2B               BCC GP_DONE
1364   5AE9 C6 10               LDAB #16
1365   5AEB 3D                  MUL
1366   5AEC C3 40 00            ADDD #$4000
1367   5AEF FD 5D E5            STD PIXPTR
1368   5AF2 F6 5D E1            LDAB GX
1369   5AF5 54                  LSRB
1370   5AF6 54                  LSRB
1371   5AF7 54                  LSRB
1372   5AF8 FE 5D E5            LDX PIXPTR
1373   5AFB 3A                  ABX
1374   5AFC B6 5D E3            LDAA PLOTCOLOR
1375   5AFF 27 07               BEQ GP_BLACK
1376   5B01 A6 00               LDAA 0,X
1377   5B03 BA 5D E4            ORAA PLOTMASK
1378   5B06 20 06               BRA GP_STORE
1379   5B08             GP_BLACK:
1380   5B08 B6 5D E4            LDAA PLOTMASK
1381   5B0B 43                  COMA
1382   5B0C A4 00               ANDA 0,X
1383   5B0E             GP_STORE:
1384   5B0E A1 00               CMPA 0,X              ; Avoid writes to unchanged pixels/text bytes
1385   5B10 27 02               BEQ GP_DONE
1386   5B12 A7 00               STAA 0,X
1387   5B14 39          GP_DONE: RTS
1388   5B15 4D4943524F43TITLE: .TEXT "MICROCHESS"
1388   5B1B 48455353
1389   5B1F 00                  .BYTE 0
1390   5B20 492048454C50RULELABEL: .TEXT "I HELP"
1391   5B26 00                  .BYTE 0
1392   5B27 4D4F4445524ERULETITLE: .TEXT "MODERN"
1393   5B2D 00                  .BYTE 0
1394   5B2E 434C41535349HISTTITLE: .TEXT "CLASSIC"
1394   5B34 43
1395   5B35 00                  .BYTE 0
1396   5B36 5220434C4153RULECLASSIC: .TEXT "R CLASSIC"
1396   5B3C 534943
1397   5B3F 00                  .BYTE 0
1398   5B40 52204D4F4445RULEMODERN: .TEXT "R MODERN"
1398   5B46 524E
1399   5B48 00                  .BYTE 0
1400   5B49 534541524348SEARCHLABEL: .TEXT "SEARCH"
1401   5B4F 00                  .BYTE 0
1402   5B50 4F524947494EORIGTITLE: .TEXT "ORIGINAL"
1402   5B56 414C
1403   5B58 00                  .BYTE 0
1404   5B59 44 45 45 50 FASTTITLE: .TEXT "DEEP"
1405   5B5D 00                  .BYTE 0
1406   5B5E 532044454550SEARCHDEEP: .TEXT "S DEEP"
1407   5B64 00                  .BYTE 0
1408   5B65 515549434B  QUICKTITLE: .TEXT "QUICK"
1409   5B6A 00                  .BYTE 0
1410   5B6B 532051554943SEARCHQUICK: .TEXT "S QUICK"
1410   5B71 4B
1411   5B72 00                  .BYTE 0
1412   5B73 3120504C59  QUICKLIMIT: .TEXT "1 PLY"
1413   5B78 00                  .BYTE 0
1414   5B79 01          QUICKMODE: .BYTE 1
1415   5B7A 53204F524947SEARCHORIG: .TEXT "S ORIGINAL"
1415   5B80 494E414C
1416   5B84 00                  .BYTE 0
1417   5B85 4C494D495420LIMITON: .TEXT "LIMIT ON"
1417   5B8B 4F4E
1418   5B8D 00                  .BYTE 0
1419   5B8E 4C494D495420LIMITOFF: .TEXT "LIMIT OFF"
1419   5B94 4F4646
1420   5B97 00                  .BYTE 0
1421   5B98 554E4C494D49UNLIMITED: .TEXT "UNLIMITED"
1421   5B9E 544544
1422   5BA1 00                  .BYTE 0
1423   5BA2 4C204F4646  LIMITKEYOFF: .TEXT "L OFF"
1424   5BA7 00                  .BYTE 0
1425   5BA8 4C 20 4F 4E LIMITKEYON: .TEXT "L ON"
1426   5BAC 00                  .BYTE 0
1427   5BAD 4E204E4557  HELP: .TEXT "N NEW"
1428   5BB2 00                  .BYTE 0
1429   5BB3 512042415349HELP3: .TEXT "Q BASIC"
1429   5BB9 43
1430   5BBA 00                  .BYTE 0
1431   5BBB 5620434C4149HELP4: .TEXT "V CLAIM"
1431   5BC1 4D
1432   5BC2 00                  .BYTE 0
1433   5BC3 54204C455454STYLELETTERS: .TEXT "T LETTERS"
1433   5BC9 455253
1434   5BCC 00                  .BYTE 0
1435   5BCD 542047524150STYLEGRAPHICS: .TEXT "T GRAPHICS"
1435   5BD3 48494353
1436   5BD7 00                  .BYTE 0
1437   5BD8 00          LETTERMODE: .BYTE 0
1438   5BD9 4C41535420  LASTLABEL: .TEXT "LAST "
1439   5BDE 00                  .BYTE 0
1440   5BDF             INSTRUCTIONS:
1441   5BDF 4D4943524F43        .TEXT "MICROCHESS: YOU ARE WHITE"
1441   5BE5 484553533A20594F5520415245205748495445
1442   5BF8 00                  .BYTE 0
1443   5BF9 4D4F56453A20        .TEXT "MOVE: E2E4 THEN ENTER"
1443   5BFF 45324534205448454E20454E544552
1444   5C0E 00                  .BYTE 0
1445   5C0F 50524F4D4F54        .TEXT "PROMOTE: A7A8Q/R/B/N"
1445   5C15 453A2041374138512F522F422F4E
1446   5C23 00                  .BYTE 0
1447   5C24 4241434B5350        .TEXT "BACKSPACE: EDIT"
1447   5C2A 4143453A2045444954
1448   5C33 00                  .BYTE 0
1449   5C34 523A2052554C        .TEXT "R: RULES / RESTART"
1449   5C3A 4553202F2052455354415254
1450   5C46 00                  .BYTE 0
1451   5C47 4D4F4445524E        .TEXT "MODERN: FULL CHESS RULES"
1451   5C4D 3A2046554C4C2043484553532052554C4553
1452   5C5F 00                  .BYTE 0
1453   5C60 434C41535349        .TEXT "CLASSIC: OLD RULES"
1453   5C66 433A204F4C442052554C4553
1454   5C72 00                  .BYTE 0
1455   5C73 533A20515549        .TEXT "S: QUICK / DEEP / ORIGINAL"
1455   5C79 434B202F2044454550202F204F524947494E414C
1456   5C8D 00                  .BYTE 0
1457   5C8E 515549434B3A        .TEXT "QUICK: BOOK / 1 PLY"
1457   5C94 20424F4F4B202F203120504C59
1458   5CA1 00                  .BYTE 0
1459   5CA2 4C3A204C494D        .TEXT "L: LIMIT ON/OFF"
1459   5CA8 4954204F4E2F4F4646
1460   5CB1 00                  .BYTE 0
1461   5CB2 4C494D495420        .TEXT "LIMIT ON: SHORTER SEARCH"
1461   5CB8 4F4E3A2053484F5254455220534541524348
1462   5CCA 00                  .BYTE 0
1463   5CCB 543A204C4554        .TEXT "T: LETTERS / GRAPHICS"
1463   5CD1 54455253202F204752415048494353
1464   5CE0 00                  .BYTE 0
1465   5CE1 4E3A204E4557        .TEXT "N: NEW  Q: BASIC"
1465   5CE7 2020513A204241534943
1466   5CF1 00                  .BYTE 0
1467   5CF2 563A20445241        .TEXT "V: DRAW CLAIM / MOVE THEN V"
1467   5CF8 5720434C41494D202F204D4F5645205448454E2056
1468   5D0D 00                  .BYTE 0
1469   5D0E 50204E204220        .TEXT "P N B R Q K: PIECE LETTERS"
1469   5D14 522051204B3A205049454345204C455454455253
1470   5D28 00                  .BYTE 0
1471   5D29 49202F20454E        .TEXT "I / ENTER: RETURN"
1471   5D2F 5445523A2052455455524E
1472   5D3A 00                  .BYTE 0
1473   5D3B 424C41434B20MSG_THINK: .TEXT "BLACK THINKING..."
1473   5D41 5448494E4B494E472E2E2E
1474   5D4C 00                  .BYTE 0
1475   5D4D 494C4C454741MSG_ILLEGAL: .TEXT "ILLEGAL MOVE"
1475   5D53 4C204D4F5645
1476   5D59 00                  .BYTE 0
1477   5D5A 4D415445202DMSG_WIN: .TEXT "MATE - YOU WIN"
1477   5D60 20594F552057494E
1478   5D68 00                  .BYTE 0
1479   5D69 4D415445202DMSG_LOSE: .TEXT "MATE - BLACK WINS"
1479   5D6F 20424C41434B2057494E53
1480   5D7A 00                  .BYTE 0
1481   5D7B 44524157202DMSG_DRAW: .TEXT "DRAW - N NEW GAME"
1481   5D81 204E204E45572047414D45
1482   5D8C 00                  .BYTE 0
1483   5D8D 4D4F56453A20PROMPT: .TEXT "MOVE: "
1484   5D93 00                  .BYTE 0
1485   5D94 804020100804BITMASKS: .BYTE $80,$40,$20,$10,8,4,2,1
1485   5D9A 0201
1486   5D9C 04 02 01    FONTBITS: .BYTE 4,2,1
1487   5D9F FEFDFBF7EFDFCOLUMNMASKS: .BYTE $FE,$FD,$FB,$F7,$EF,$DF,$BF,$7F
1487   5DA5 BF7F
1488   5DA7 004142434445KEYMAP: .BYTE 0,65,66,67,68,69,70,71
1488   5DAD 4647
1489   5DAF 48494A4B4C4D        .BYTE 72,73,74,75,76,77,78,79
1489   5DB5 4E4F
1490   5DB7 505152535455        .BYTE 80,81,82,83,84,85,86,87
1490   5DBD 5657
1491   5DBF 58595A000000        .BYTE 88,89,90,0,0,0,13,32
1491   5DC5 0D20
1492   5DC7 303132333435        .BYTE 48,49,50,51,52,53,54,55
1492   5DCD 3637
1493   5DCF 383900080000        .BYTE 56,57,0,8,0,0,0,0
1493   5DD5 0000
1494   5DD7 00 00       COPYDEST: .WORD 0
1495   5DD9 00 00       COPYSOURCE: .WORD 0
1496   5DDB 00          OLDDDR: .BYTE 0
1497   5DDC 00          OLDSTROBE: .BYTE 0
1498   5DDD 00          KEYCOL: .BYTE 0
1499   5DDE 00          KEYCAND: .BYTE 0
1500   5DDF 00          KEYCOUNT: .BYTE 0
1501   5DE0 00          LASTKEY: .BYTE 0
1502   5DE1 00          GX: .BYTE 0
1503   5DE2 00          GY: .BYTE 0
1504   5DE3 00          PLOTCOLOR: .BYTE 0
1505   5DE4 00          PLOTMASK: .BYTE 0
1506   5DE5 00 00       PIXPTR: .WORD 0
1507   5DE7 00          TILEX: .BYTE 0
1508   5DE8 00          TILEY: .BYTE 0
1509   5DE9 00          TILEBG: .BYTE 0
1510   5DEA 00          PIXROW: .BYTE 0
1511   5DEB 00          PIXCOL: .BYTE 0
1512   5DEC 00          DRAWPIECE: .BYTE 0
1513   5DED 00 00       SPRITEPTR: .WORD 0
1514   5DEF 00          SPRMASK: .BYTE 0
1515   5DF0 00          CHARX: .BYTE 0
1516   5DF1 00          CHARY: .BYTE 0
1517   5DF2 00          FONTROW: .BYTE 0
1518   5DF3 00          FONTCOL: .BYTE 0
1519   5DF4 00          FONTMASK: .BYTE 0
1520   5DF5 00 00       FONTPTR: .WORD 0
1521   5DF7 00          INPUTINDEX: .BYTE 0
1522   5DF8             
1523   5DF8 BD 89 D1    JANUS:  JSR BUDGET_TICK
1524   5DFB B6 6B 5B            LDAA VALIDATING
1525   5DFE 27 0A               BEQ JANUS_ENGINE
1526   5E00 B6 4F 35            LDAA STATE
1527   5E03 81 04               CMPA #4
1528   5E05 26 03               BNE JANUS_ENGINE
1529   5E07 7E 53 B4            JMP VALIDATE_CANDIDATE
1530   5E0A             JANUS_ENGINE:
1531   5E0A             ; 6502: LDX STATE
1532   5E0A B6 4F 35            LDAA VMEM+$B5
1533   5E0D BD 68 C7            JSR H_NZ
1534   5E10 B7 6B 4D            STAA VX
1535   5E13             ; 6502: BMI NOCOUNT
1536   5E13 B6 6B 4F            LDAA VF
1537   5E16 84 08               ANDA #8
1538   5E18 27 03               BEQ SKIP_1
1539   5E1A 7E 5F B3            JMP NOCOUNT
1540   5E1D             SKIP_1:
1541   5E1D             COUNTS:
1542   5E1D             ; 6502: LDA PIECE
1543   5E1D B6 4F 30            LDAA VMEM+$B0
1544   5E20 BD 68 C7            JSR H_NZ
1545   5E23 B7 6B 4C            STAA VA
1546   5E26             ; 6502: BEQ OVER
1547   5E26 B6 6B 4F            LDAA VF
1548   5E29 84 04               ANDA #4
1549   5E2B 27 03               BEQ SKIP_2
1550   5E2D 7E 5E 55            JMP OVER
1551   5E30             SKIP_2:
1552   5E30             ; 6502: CPX #$08
1553   5E30 86 08               LDAA #$08
1554   5E32 B7 6B 50            STAA OPERAND
1555   5E35 BD 69 0E            JSR H_CPX
1556   5E38             ; 6502: BNE OVER
1557   5E38 B6 6B 4F            LDAA VF
1558   5E3B 84 04               ANDA #4
1559   5E3D 26 03               BNE SKIP_3
1560   5E3F 7E 5E 55            JMP OVER
1561   5E42             SKIP_3:
1562   5E42             ; 6502: CMP BMAXP
1563   5E42 B6 4F 66            LDAA VMEM+$E6
1564   5E45 B7 6B 50            STAA OPERAND
1565   5E48 BD 69 09            JSR H_CMP
1566   5E4B             ; 6502: BEQ XRT
1567   5E4B B6 6B 4F            LDAA VF
1568   5E4E 84 04               ANDA #4
1569   5E50 27 03               BEQ SKIP_4
1570   5E52 7E 5F 75            JMP XRT
1571   5E55             SKIP_4:
1572   5E55             OVER:
1573   5E55             ; 6502: INC MOB,X
1574   5E55 CE 4F 63            LDX #VMEM+$E3
1575   5E58 F6 6B 4D            LDAB VX
1576   5E5B 3A                  ABX
1577   5E5C A6 00               LDAA 0,X
1578   5E5E 4C                  INCA
1579   5E5F BD 68 C7            JSR H_NZ
1580   5E62 CE 4F 63            LDX #VMEM+$E3
1581   5E65 F6 6B 4D            LDAB VX
1582   5E68 3A                  ABX
1583   5E69 A7 00               STAA 0,X
1584   5E6B             ; 6502: CMP #$01
1585   5E6B 86 01               LDAA #$01
1586   5E6D B7 6B 50            STAA OPERAND
1587   5E70 BD 69 09            JSR H_CMP
1588   5E73             ; 6502: BNE NOQ
1589   5E73 B6 6B 4F            LDAA VF
1590   5E76 84 04               ANDA #4
1591   5E78 26 03               BNE SKIP_5
1592   5E7A 7E 5E 93            JMP NOQ
1593   5E7D             SKIP_5:
1594   5E7D             ; 6502: INC MOB,X
1595   5E7D CE 4F 63            LDX #VMEM+$E3
1596   5E80 F6 6B 4D            LDAB VX
1597   5E83 3A                  ABX
1598   5E84 A6 00               LDAA 0,X
1599   5E86 4C                  INCA
1600   5E87 BD 68 C7            JSR H_NZ
1601   5E8A CE 4F 63            LDX #VMEM+$E3
1602   5E8D F6 6B 4D            LDAB VX
1603   5E90 3A                  ABX
1604   5E91 A7 00               STAA 0,X
1605   5E93             NOQ:
1606   5E93             ; 6502: BVC NOCAP
1607   5E93 B6 6B 4F            LDAA VF
1608   5E96 84 02               ANDA #2
1609   5E98 26 03               BNE SKIP_6
1610   5E9A 7E 5F 59            JMP NOCAP
1611   5E9D             SKIP_6:
1612   5E9D             ; 6502: LDY #$0F
1613   5E9D 86 0F               LDAA #$0F
1614   5E9F BD 68 C7            JSR H_NZ
1615   5EA2 B7 6B 4E            STAA VY
1616   5EA5             ; 6502: LDA SQUARE
1617   5EA5 B6 4F 31            LDAA VMEM+$B1
1618   5EA8 BD 68 C7            JSR H_NZ
1619   5EAB B7 6B 4C            STAA VA
1620   5EAE BD 6D 7D    ELOOP:  JSR EP_CAPTURE
1621   5EB1 81 FF               CMPA #$FF
1622   5EB3 27 08               BEQ ELOOP_NORMAL
1623   5EB5 80 10               SUBA #16
1624   5EB7 B7 6B 4E            STAA VY
1625   5EBA 7E 5E EA            JMP FOUN
1626   5EBD             ELOOP_NORMAL:
1627   5EBD             ; 6502: CMP BK,Y
1628   5EBD CE 4E E0            LDX #VMEM+$60
1629   5EC0 F6 6B 4E            LDAB VY
1630   5EC3 3A                  ABX
1631   5EC4 A6 00               LDAA 0,X
1632   5EC6 B7 6B 50            STAA OPERAND
1633   5EC9 BD 69 09            JSR H_CMP
1634   5ECC             ; 6502: BEQ FOUN
1635   5ECC B6 6B 4F            LDAA VF
1636   5ECF 84 04               ANDA #4
1637   5ED1 27 03               BEQ SKIP_7
1638   5ED3 7E 5E EA            JMP FOUN
1639   5ED6             SKIP_7:
1640   5ED6             ; 6502: DEY 
1641   5ED6 B6 6B 4E            LDAA VY
1642   5ED9 4A                  DECA
1643   5EDA BD 68 C7            JSR H_NZ
1644   5EDD B7 6B 4E            STAA VY
1645   5EE0             ; 6502: BPL ELOOP
1646   5EE0 B6 6B 4F            LDAA VF
1647   5EE3 84 08               ANDA #8
1648   5EE5 26 03               BNE SKIP_8
1649   5EE7 7E 5E AE            JMP ELOOP
1650   5EEA             SKIP_8:
1651   5EEA             FOUN:
1652   5EEA             ; 6502: LDA POINTS,Y
1653   5EEA CE 4F B0            LDX #POINTVAL+16
1654   5EED F6 6B 4E            LDAB VY
1655   5EF0 3A                  ABX
1656   5EF1 A6 00               LDAA 0,X
1657   5EF3 BD 68 C7            JSR H_NZ
1658   5EF6 B7 6B 4C            STAA VA
1659   5EF9             ; 6502: CMP MAXC,X
1660   5EF9 CE 4F 64            LDX #VMEM+$E4
1661   5EFC F6 6B 4D            LDAB VX
1662   5EFF 3A                  ABX
1663   5F00 A6 00               LDAA 0,X
1664   5F02 B7 6B 50            STAA OPERAND
1665   5F05 BD 69 09            JSR H_CMP
1666   5F08             ; 6502: BCC LESS
1667   5F08 B6 6B 4F            LDAA VF
1668   5F0B 84 01               ANDA #1
1669   5F0D 26 03               BNE SKIP_9
1670   5F0F 7E 5F 2A            JMP LESS
1671   5F12             SKIP_9:
1672   5F12             ; 6502: STY PCAP,X
1673   5F12 B6 6B 4E            LDAA VY
1674   5F15 CE 4F 66            LDX #VMEM+$E6
1675   5F18 F6 6B 4D            LDAB VX
1676   5F1B 3A                  ABX
1677   5F1C A7 00               STAA 0,X
1678   5F1E             ; 6502: STA MAXC,X
1679   5F1E B6 6B 4C            LDAA VA
1680   5F21 CE 4F 64            LDX #VMEM+$E4
1681   5F24 F6 6B 4D            LDAB VX
1682   5F27 3A                  ABX
1683   5F28 A7 00               STAA 0,X
1684   5F2A             LESS:
1685   5F2A             ; 6502: CLC 
1686   5F2A B6 6B 4F            LDAA VF
1687   5F2D 84 FE               ANDA #$FE
1688   5F2F B7 6B 4F            STAA VF
1689   5F32             ; 6502: PHP 
1690   5F32 B6 6B 4F            LDAA VF
1691   5F35 BD 69 82            JSR DATA_PUSH
1692   5F38             ; 6502: ADC CC,X
1693   5F38 CE 4F 65            LDX #VMEM+$E5
1694   5F3B F6 6B 4D            LDAB VX
1695   5F3E 3A                  ABX
1696   5F3F A6 00               LDAA 0,X
1697   5F41 B7 6B 50            STAA OPERAND
1698   5F44 BD 69 2D            JSR H_ADC
1699   5F47             ; 6502: STA CC,X
1700   5F47 B6 6B 4C            LDAA VA
1701   5F4A CE 4F 65            LDX #VMEM+$E5
1702   5F4D F6 6B 4D            LDAB VX
1703   5F50 3A                  ABX
1704   5F51 A7 00               STAA 0,X
1705   5F53             ; 6502: PLP 
1706   5F53 BD 69 8C            JSR DATA_POP
1707   5F56 B7 6B 4F            STAA VF
1708   5F59             NOCAP:
1709   5F59             ; 6502: CPX #$04
1710   5F59 86 04               LDAA #$04
1711   5F5B B7 6B 50            STAA OPERAND
1712   5F5E BD 69 0E            JSR H_CPX
1713   5F61             ; 6502: BEQ ON4
1714   5F61 B6 6B 4F            LDAA VF
1715   5F64 84 04               ANDA #4
1716   5F66 27 03               BEQ SKIP_10
1717   5F68 7E 5F 76            JMP ON4
1718   5F6B             SKIP_10:
1719   5F6B             ; 6502: BMI TREE
1720   5F6B B6 6B 4F            LDAA VF
1721   5F6E 84 08               ANDA #8
1722   5F70 27 03               BEQ SKIP_11
1723   5F72 7E 5F F0            JMP TREE
1724   5F75             SKIP_11:
1725   5F75             XRT:
1726   5F75             ; 6502: RTS 
1727   5F75 39                  RTS
1728   5F76             ON4:
1729   5F76             ; 6502: LDA XMAXC
1730   5F76 B6 4F 68            LDAA VMEM+$E8
1731   5F79 BD 68 C7            JSR H_NZ
1732   5F7C B7 6B 4C            STAA VA
1733   5F7F             ; 6502: STA WCAP0
1734   5F7F B6 6B 4C            LDAA VA
1735   5F82 B7 4F 5D            STAA VMEM+$DD
1736   5F85             ; 6502: LDA #$00
1737   5F85 86 00               LDAA #$00
1738   5F87 BD 68 C7            JSR H_NZ
1739   5F8A B7 6B 4C            STAA VA
1740   5F8D             ; 6502: STA STATE
1741   5F8D B6 6B 4C            LDAA VA
1742   5F90 B7 4F 35            STAA VMEM+$B5
1743   5F93             ; 6502: JSR MOVE
1744   5F93 BD 69 96            JSR MOVE
1745   5F96             ; 6502: JSR REVERSE
1746   5F96 BD 63 63            JSR REVERSE
1747   5F99             ; 6502: JSR GNMZ
1748   5F99 BD 60 AD            JSR GNMZ
1749   5F9C             ; 6502: JSR REVERSE
1750   5F9C BD 63 63            JSR REVERSE
1751   5F9F             ; 6502: LDA #$08
1752   5F9F 86 08               LDAA #$08
1753   5FA1 BD 68 C7            JSR H_NZ
1754   5FA4 B7 6B 4C            STAA VA
1755   5FA7             ; 6502: STA STATE
1756   5FA7 B6 6B 4C            LDAA VA
1757   5FAA B7 4F 35            STAA VMEM+$B5
1758   5FAD             ; 6502: JSR UMOVE
1759   5FAD BD 6A 0F            JSR UMOVE
1760   5FB0             ; 6502: JMP STRATGY
1761   5FB0 7E 66 DC            JMP STRATGY
1762   5FB3             NOCOUNT:
1763   5FB3             ; 6502: CPX #$F9
1764   5FB3 86 F9               LDAA #$F9
1765   5FB5 B7 6B 50            STAA OPERAND
1766   5FB8 BD 69 0E            JSR H_CPX
1767   5FBB             ; 6502: BNE TREE
1768   5FBB B6 6B 4F            LDAA VF
1769   5FBE 84 04               ANDA #4
1770   5FC0 26 03               BNE SKIP_12
1771   5FC2 7E 5F F0            JMP TREE
1772   5FC5             SKIP_12:
1773   5FC5             ; 6502: LDA BK
1774   5FC5 B6 4E E0            LDAA VMEM+$60
1775   5FC8 BD 68 C7            JSR H_NZ
1776   5FCB B7 6B 4C            STAA VA
1777   5FCE             ; 6502: CMP SQUARE
1778   5FCE B6 4F 31            LDAA VMEM+$B1
1779   5FD1 B7 6B 50            STAA OPERAND
1780   5FD4 BD 69 09            JSR H_CMP
1781   5FD7             ; 6502: BNE RETJ
1782   5FD7 B6 6B 4F            LDAA VF
1783   5FDA 84 04               ANDA #4
1784   5FDC 26 03               BNE SKIP_13
1785   5FDE 7E 5F EF            JMP RETJ
1786   5FE1             SKIP_13:
1787   5FE1             ; 6502: LDA #$00
1788   5FE1 86 00               LDAA #$00
1789   5FE3 BD 68 C7            JSR H_NZ
1790   5FE6 B7 6B 4C            STAA VA
1791   5FE9             ; 6502: STA INCHEK
1792   5FE9 B6 6B 4C            LDAA VA
1793   5FEC B7 4F 34            STAA VMEM+$B4
1794   5FEF             RETJ:
1795   5FEF             ; 6502: RTS 
1796   5FEF 39                  RTS
1797   5FF0             TREE:
1798   5FF0             ; 6502: BVC RETJ
1799   5FF0 B6 6B 4F            LDAA VF
1800   5FF3 84 02               ANDA #2
1801   5FF5 26 03               BNE SKIP_14
1802   5FF7 7E 5F EF            JMP RETJ
1803   5FFA             SKIP_14:
1804   5FFA             ; 6502: LDY #$07
1805   5FFA 86 07               LDAA #$07
1806   5FFC BD 68 C7            JSR H_NZ
1807   5FFF B7 6B 4E            STAA VY
1808   6002             ; 6502: LDA SQUARE
1809   6002 B6 4F 31            LDAA VMEM+$B1
1810   6005 BD 68 C7            JSR H_NZ
1811   6008 B7 6B 4C            STAA VA
1812   600B             LOOPX:
1813   600B             ; 6502: CMP BK,Y
1814   600B CE 4E E0            LDX #VMEM+$60
1815   600E F6 6B 4E            LDAB VY
1816   6011 3A                  ABX
1817   6012 A6 00               LDAA 0,X
1818   6014 B7 6B 50            STAA OPERAND
1819   6017 BD 69 09            JSR H_CMP
1820   601A             ; 6502: BEQ FOUNX
1821   601A B6 6B 4F            LDAA VF
1822   601D 84 04               ANDA #4
1823   601F 27 03               BEQ SKIP_15
1824   6021 7E 60 42            JMP FOUNX
1825   6024             SKIP_15:
1826   6024             ; 6502: DEY 
1827   6024 B6 6B 4E            LDAA VY
1828   6027 4A                  DECA
1829   6028 BD 68 C7            JSR H_NZ
1830   602B B7 6B 4E            STAA VY
1831   602E             ; 6502: BEQ RETJ
1832   602E B6 6B 4F            LDAA VF
1833   6031 84 04               ANDA #4
1834   6033 27 03               BEQ SKIP_16
1835   6035 7E 5F EF            JMP RETJ
1836   6038             SKIP_16:
1837   6038             ; 6502: BPL LOOPX
1838   6038 B6 6B 4F            LDAA VF
1839   603B 84 08               ANDA #8
1840   603D 26 03               BNE SKIP_17
1841   603F 7E 60 0B            JMP LOOPX
1842   6042             SKIP_17:
1843   6042             FOUNX:
1844   6042             ; 6502: LDA POINTS,Y
1845   6042 CE 4F B0            LDX #POINTVAL+16
1846   6045 F6 6B 4E            LDAB VY
1847   6048 3A                  ABX
1848   6049 A6 00               LDAA 0,X
1849   604B BD 68 C7            JSR H_NZ
1850   604E B7 6B 4C            STAA VA
1851   6051             ; 6502: CMP BCAP0,X
1852   6051 F6 6B 4D            LDAB VX
1853   6054 CB E2               ADDB #$E2             ; 6502 zero-page indexing wraps at $FF
1854   6056 CE 4E 80            LDX #VMEM
1855   6059 3A                  ABX
1856   605A A6 00               LDAA 0,X
1857   605C B7 6B 50            STAA OPERAND
1858   605F BD 69 09            JSR H_CMP
1859   6062             ; 6502: BCC NOMAX
1860   6062 B6 6B 4F            LDAA VF
1861   6065 84 01               ANDA #1
1862   6067 26 03               BNE SKIP_18
1863   6069 7E 60 7A            JMP NOMAX
1864   606C             SKIP_18:
1865   606C             ; 6502: STA BCAP0,X
1866   606C B6 6B 4C            LDAA VA
1867   606F F6 6B 4D            LDAB VX
1868   6072 CB E2               ADDB #$E2             ; 6502 zero-page indexing wraps at $FF
1869   6074 CE 4E 80            LDX #VMEM
1870   6077 3A                  ABX
1871   6078 A7 00               STAA 0,X
1872   607A             NOMAX:
1873   607A             ; 6502: DEC STATE
1874   607A B6 4F 35            LDAA VMEM+$B5
1875   607D 4A                  DECA
1876   607E BD 68 C7            JSR H_NZ
1877   6081 B7 4F 35            STAA VMEM+$B5
1878   6084             ; 6502: LDA #$FB
1879   6084 86 FB               LDAA #$FB
1880   6086 BD 68 C7            JSR H_NZ
1881   6089 B7 6B 4C            STAA VA
1882   608C             ; 6502: CMP STATE
1883   608C B6 4F 35            LDAA VMEM+$B5
1884   608F B7 6B 50            STAA OPERAND
1885   6092 BD 69 09            JSR H_CMP
1886   6095             ; 6502: BEQ UPTREE
1887   6095 B6 6B 4F            LDAA VF
1888   6098 84 04               ANDA #4
1889   609A 27 03               BEQ SKIP_19
1890   609C 7E 60 A2            JMP UPTREE
1891   609F             SKIP_19:
1892   609F             ; 6502: JSR GENRM
1893   609F BD 65 74            JSR GENRM
1894   60A2             UPTREE:
1895   60A2             ; 6502: INC STATE
1896   60A2 B6 4F 35            LDAA VMEM+$B5
1897   60A5 4C                  INCA
1898   60A6 BD 68 C7            JSR H_NZ
1899   60A9 B7 4F 35            STAA VMEM+$B5
1900   60AC             ; 6502: RTS 
1901   60AC 39                  RTS
1902   60AD             GNMZ:
1903   60AD             ; 6502: LDX #$10
1904   60AD 86 10               LDAA #$10
1905   60AF BD 68 C7            JSR H_NZ
1906   60B2 B7 6B 4D            STAA VX
1907   60B5             GNMX:
1908   60B5             ; 6502: LDA #$00
1909   60B5 86 00               LDAA #$00
1910   60B7 BD 68 C7            JSR H_NZ
1911   60BA B7 6B 4C            STAA VA
1912   60BD             CLEAR:
1913   60BD             ; 6502: STA COUNT,X
1914   60BD B6 6B 4C            LDAA VA
1915   60C0 CE 4F 5E            LDX #VMEM+$DE
1916   60C3 F6 6B 4D            LDAB VX
1917   60C6 3A                  ABX
1918   60C7 A7 00               STAA 0,X
1919   60C9             ; 6502: DEX 
1920   60C9 B6 6B 4D            LDAA VX
1921   60CC 4A                  DECA
1922   60CD BD 68 C7            JSR H_NZ
1923   60D0 B7 6B 4D            STAA VX
1924   60D3             ; 6502: BPL CLEAR
1925   60D3 B6 6B 4F            LDAA VF
1926   60D6 84 08               ANDA #8
1927   60D8 26 03               BNE SKIP_20
1928   60DA 7E 60 BD            JMP CLEAR
1929   60DD             SKIP_20:
1930   60DD BD 6F 28    GNM:    JSR GENERATE_CASTLES
1931   60E0             ; 6502: LDA #$10
1932   60E0 86 10               LDAA #$10
1933   60E2 BD 68 C7            JSR H_NZ
1934   60E5 B7 6B 4C            STAA VA
1935   60E8             ; 6502: STA PIECE
1936   60E8 B6 6B 4C            LDAA VA
1937   60EB B7 4F 30            STAA VMEM+$B0
1938   60EE             NEWP:
1939   60EE B6 6B 5B            LDAA VALIDATING
1940   60F1 27 12               BEQ NP_ENUMERATE
1941   60F3 B6 4E 8F            LDAA QUICKSCAN
1942   60F6 26 0D               BNE NP_ENUMERATE
1943   60F8 B6 6B 67            LDAA WANTPIECE
1944   60FB 81 FF               CMPA #$FF
1945   60FD 27 06               BEQ NP_ENUMERATE
1946   60FF B1 4F 30            CMPA PIECE
1947   6102 26 01               BNE NP_ENUMERATE
1948   6104 39                  RTS
1949   6105             NP_ENUMERATE:
1950   6105             ; 6502: DEC PIECE
1951   6105 B6 4F 30            LDAA VMEM+$B0
1952   6108 4A                  DECA
1953   6109 BD 68 C7            JSR H_NZ
1954   610C B7 4F 30            STAA VMEM+$B0
1955   610F             ; 6502: BPL NEX
1956   610F B6 6B 4F            LDAA VF
1957   6112 84 08               ANDA #8
1958   6114 26 03               BNE SKIP_21
1959   6116 7E 61 1A            JMP NEX
1960   6119             SKIP_21:
1961   6119             ; 6502: RTS 
1962   6119 39                  RTS
1963   611A             NEX:
1964   611A CE 4F 80            LDX #PROMOTED
1965   611D F6 4F 30            LDAB PIECE
1966   6120 3A                  ABX
1967   6121 A6 00               LDAA 0,X
1968   6123 27 2B               BEQ NEX_NORMAL
1969   6125 36                  PSHA
1970   6126 BD 65 55            JSR RESET
1971   6129 32                  PULA
1972   612A 86 08               LDAA #8
1973   612C B7 4F 36            STAA MOVEN
1974   612F CE 4F 80            LDX #PROMOTED
1975   6132 F6 4F 30            LDAB PIECE
1976   6135 3A                  ABX
1977   6136 A6 00               LDAA 0,X
1978   6138 81 01               CMPA #1
1979   613A 27 0B               BEQ NP_QUEEN
1980   613C 81 02               CMPA #2
1981   613E 27 0A               BEQ NP_ROOK
1982   6140 81 03               CMPA #3
1983   6142 27 09               BEQ NP_BISHOP
1984   6144 7E 62 37            JMP KNIGHT
1985   6147 7E 61 D3    NP_QUEEN: JMP QUEEN
1986   614A 7E 61 EA    NP_ROOK: JMP ROOK
1987   614D 7E 62 0F    NP_BISHOP: JMP BISHOP
1988   6150             NEX_NORMAL:
1989   6150             ; 6502: JSR RESET
1990   6150 BD 65 55            JSR RESET
1991   6153             ; 6502: LDY PIECE
1992   6153 B6 4F 30            LDAA VMEM+$B0
1993   6156 BD 68 C7            JSR H_NZ
1994   6159 B7 6B 4E            STAA VY
1995   615C             ; 6502: LDX #$08
1996   615C 86 08               LDAA #$08
1997   615E BD 68 C7            JSR H_NZ
1998   6161 B7 6B 4D            STAA VX
1999   6164             ; 6502: STX MOVEN
2000   6164 B6 6B 4D            LDAA VX
2001   6167 B7 4F 36            STAA VMEM+$B6
2002   616A             ; 6502: CPY #$08
2003   616A 86 08               LDAA #$08
2004   616C B7 6B 50            STAA OPERAND
2005   616F BD 69 13            JSR H_CPY
2006   6172             ; 6502: BPL PAWN
2007   6172 B6 6B 4F            LDAA VF
2008   6175 84 08               ANDA #8
2009   6177 26 03               BNE SKIP_22
2010   6179 7E 62 6D            JMP PAWN
2011   617C             SKIP_22:
2012   617C             ; 6502: CPY #$06
2013   617C 86 06               LDAA #$06
2014   617E B7 6B 50            STAA OPERAND
2015   6181 BD 69 13            JSR H_CPY
2016   6184             ; 6502: BPL KNIGHT
2017   6184 B6 6B 4F            LDAA VF
2018   6187 84 08               ANDA #8
2019   6189 26 03               BNE SKIP_23
2020   618B 7E 62 37            JMP KNIGHT
2021   618E             SKIP_23:
2022   618E             ; 6502: CPY #$04
2023   618E 86 04               LDAA #$04
2024   6190 B7 6B 50            STAA OPERAND
2025   6193 BD 69 13            JSR H_CPY
2026   6196             ; 6502: BPL BISHOP
2027   6196 B6 6B 4F            LDAA VF
2028   6199 84 08               ANDA #8
2029   619B 26 03               BNE SKIP_24
2030   619D 7E 62 0F            JMP BISHOP
2031   61A0             SKIP_24:
2032   61A0             ; 6502: CPY #$01
2033   61A0 86 01               LDAA #$01
2034   61A2 B7 6B 50            STAA OPERAND
2035   61A5 BD 69 13            JSR H_CPY
2036   61A8             ; 6502: BEQ QUEEN
2037   61A8 B6 6B 4F            LDAA VF
2038   61AB 84 04               ANDA #4
2039   61AD 27 03               BEQ SKIP_25
2040   61AF 7E 61 D3            JMP QUEEN
2041   61B2             SKIP_25:
2042   61B2             ; 6502: BPL ROOK
2043   61B2 B6 6B 4F            LDAA VF
2044   61B5 84 08               ANDA #8
2045   61B7 26 03               BNE SKIP_26
2046   61B9 7E 61 EA            JMP ROOK
2047   61BC             SKIP_26:
2048   61BC             KING:
2049   61BC             ; 6502: JSR SNGMV
2050   61BC BD 62 FD            JSR SNGMV
2051   61BF             ; 6502: BNE KING
2052   61BF B6 6B 4F            LDAA VF
2053   61C2 84 04               ANDA #4
2054   61C4 26 03               BNE SKIP_27
2055   61C6 7E 61 BC            JMP KING
2056   61C9             SKIP_27:
2057   61C9             ; 6502: BEQ NEWP
2058   61C9 B6 6B 4F            LDAA VF
2059   61CC 84 04               ANDA #4
2060   61CE 27 03               BEQ SKIP_28
2061   61D0 7E 60 EE            JMP NEWP
2062   61D3             SKIP_28:
2063   61D3             QUEEN:
2064   61D3             ; 6502: JSR LINE
2065   61D3 BD 63 1B            JSR LINE
2066   61D6             ; 6502: BNE QUEEN
2067   61D6 B6 6B 4F            LDAA VF
2068   61D9 84 04               ANDA #4
2069   61DB 26 03               BNE SKIP_29
2070   61DD 7E 61 D3            JMP QUEEN
2071   61E0             SKIP_29:
2072   61E0             ; 6502: BEQ NEWP
2073   61E0 B6 6B 4F            LDAA VF
2074   61E3 84 04               ANDA #4
2075   61E5 27 03               BEQ SKIP_30
2076   61E7 7E 60 EE            JMP NEWP
2077   61EA             SKIP_30:
2078   61EA             ROOK:
2079   61EA             ; 6502: LDX #$04
2080   61EA 86 04               LDAA #$04
2081   61EC BD 68 C7            JSR H_NZ
2082   61EF B7 6B 4D            STAA VX
2083   61F2             ; 6502: STX MOVEN
2084   61F2 B6 6B 4D            LDAA VX
2085   61F5 B7 4F 36            STAA VMEM+$B6
2086   61F8             AGNR:
2087   61F8             ; 6502: JSR LINE
2088   61F8 BD 63 1B            JSR LINE
2089   61FB             ; 6502: BNE AGNR
2090   61FB B6 6B 4F            LDAA VF
2091   61FE 84 04               ANDA #4
2092   6200 26 03               BNE SKIP_31
2093   6202 7E 61 F8            JMP AGNR
2094   6205             SKIP_31:
2095   6205             ; 6502: BEQ NEWP
2096   6205 B6 6B 4F            LDAA VF
2097   6208 84 04               ANDA #4
2098   620A 27 03               BEQ SKIP_32
2099   620C 7E 60 EE            JMP NEWP
2100   620F             SKIP_32:
2101   620F             BISHOP:
2102   620F             ; 6502: JSR LINE
2103   620F BD 63 1B            JSR LINE
2104   6212             ; 6502: LDA MOVEN
2105   6212 B6 4F 36            LDAA VMEM+$B6
2106   6215 BD 68 C7            JSR H_NZ
2107   6218 B7 6B 4C            STAA VA
2108   621B             ; 6502: CMP #$04
2109   621B 86 04               LDAA #$04
2110   621D B7 6B 50            STAA OPERAND
2111   6220 BD 69 09            JSR H_CMP
2112   6223             ; 6502: BNE BISHOP
2113   6223 B6 6B 4F            LDAA VF
2114   6226 84 04               ANDA #4
2115   6228 26 03               BNE SKIP_33
2116   622A 7E 62 0F            JMP BISHOP
2117   622D             SKIP_33:
2118   622D             ; 6502: BEQ NEWP
2119   622D B6 6B 4F            LDAA VF
2120   6230 84 04               ANDA #4
2121   6232 27 03               BEQ SKIP_34
2122   6234 7E 60 EE            JMP NEWP
2123   6237             SKIP_34:
2124   6237             KNIGHT:
2125   6237             ; 6502: LDX #$10
2126   6237 86 10               LDAA #$10
2127   6239 BD 68 C7            JSR H_NZ
2128   623C B7 6B 4D            STAA VX
2129   623F             ; 6502: STX MOVEN
2130   623F B6 6B 4D            LDAA VX
2131   6242 B7 4F 36            STAA VMEM+$B6
2132   6245             AGNN:
2133   6245             ; 6502: JSR SNGMV
2134   6245 BD 62 FD            JSR SNGMV
2135   6248             ; 6502: LDA MOVEN
2136   6248 B6 4F 36            LDAA VMEM+$B6
2137   624B BD 68 C7            JSR H_NZ
2138   624E B7 6B 4C            STAA VA
2139   6251             ; 6502: CMP #$08
2140   6251 86 08               LDAA #$08
2141   6253 B7 6B 50            STAA OPERAND
2142   6256 BD 69 09            JSR H_CMP
2143   6259             ; 6502: BNE AGNN
2144   6259 B6 6B 4F            LDAA VF
2145   625C 84 04               ANDA #4
2146   625E 26 03               BNE SKIP_35
2147   6260 7E 62 45            JMP AGNN
2148   6263             SKIP_35:
2149   6263             ; 6502: BEQ NEWP
2150   6263 B6 6B 4F            LDAA VF
2151   6266 84 04               ANDA #4
2152   6268 27 03               BEQ SKIP_36
2153   626A 7E 60 EE            JMP NEWP
2154   626D             SKIP_36:
2155   626D             PAWN:
2156   626D             ; 6502: LDX #$06
2157   626D 86 06               LDAA #$06
2158   626F BD 68 C7            JSR H_NZ
2159   6272 B7 6B 4D            STAA VX
2160   6275             ; 6502: STX MOVEN
2161   6275 B6 6B 4D            LDAA VX
2162   6278 B7 4F 36            STAA VMEM+$B6
2163   627B             P1:
2164   627B             ; 6502: JSR CMOVE
2165   627B BD 63 F7            JSR CMOVE
2166   627E             ; 6502: BVC P2
2167   627E B6 6B 4F            LDAA VF
2168   6281 84 02               ANDA #2
2169   6283 26 03               BNE SKIP_37
2170   6285 7E 62 95            JMP P2
2171   6288             SKIP_37:
2172   6288             ; 6502: BMI P2
2173   6288 B6 6B 4F            LDAA VF
2174   628B 84 08               ANDA #8
2175   628D 27 03               BEQ SKIP_38
2176   628F 7E 62 95            JMP P2
2177   6292             SKIP_38:
2178   6292             ; 6502: JSR PROMOTION_JANUS
2179   6292 BD 6E EB            JSR PROMOTION_JANUS
2180   6295             P2:
2181   6295             ; 6502: JSR RESET
2182   6295 BD 65 55            JSR RESET
2183   6298             ; 6502: DEC MOVEN
2184   6298 B6 4F 36            LDAA VMEM+$B6
2185   629B 4A                  DECA
2186   629C BD 68 C7            JSR H_NZ
2187   629F B7 4F 36            STAA VMEM+$B6
2188   62A2             ; 6502: LDA MOVEN
2189   62A2 B6 4F 36            LDAA VMEM+$B6
2190   62A5 BD 68 C7            JSR H_NZ
2191   62A8 B7 6B 4C            STAA VA
2192   62AB             ; 6502: CMP #$05
2193   62AB 86 05               LDAA #$05
2194   62AD B7 6B 50            STAA OPERAND
2195   62B0 BD 69 09            JSR H_CMP
2196   62B3             ; 6502: BEQ P1
2197   62B3 B6 6B 4F            LDAA VF
2198   62B6 84 04               ANDA #4
2199   62B8 27 03               BEQ SKIP_39
2200   62BA 7E 62 7B            JMP P1
2201   62BD             SKIP_39:
2202   62BD             P3:
2203   62BD             ; 6502: JSR CMOVE
2204   62BD BD 63 F7            JSR CMOVE
2205   62C0             ; 6502: BVS NEWP
2206   62C0 B6 6B 4F            LDAA VF
2207   62C3 84 02               ANDA #2
2208   62C5 27 03               BEQ SKIP_40
2209   62C7 7E 60 EE            JMP NEWP
2210   62CA             SKIP_40:
2211   62CA             ; 6502: BMI NEWP
2212   62CA B6 6B 4F            LDAA VF
2213   62CD 84 08               ANDA #8
2214   62CF 27 03               BEQ SKIP_41
2215   62D1 7E 60 EE            JMP NEWP
2216   62D4             SKIP_41:
2217   62D4             ; 6502: JSR PROMOTION_JANUS
2218   62D4 BD 6E EB            JSR PROMOTION_JANUS
2219   62D7             ; 6502: LDA SQUARE
2220   62D7 B6 4F 31            LDAA VMEM+$B1
2221   62DA BD 68 C7            JSR H_NZ
2222   62DD B7 6B 4C            STAA VA
2223   62E0             ; 6502: AND #$F0
2224   62E0 86 F0               LDAA #$F0
2225   62E2 B7 6B 50            STAA OPERAND
2226   62E5 BD 69 4D            JSR H_AND
2227   62E8             ; 6502: CMP #$20
2228   62E8 86 20               LDAA #$20
2229   62EA B7 6B 50            STAA OPERAND
2230   62ED BD 69 09            JSR H_CMP
2231   62F0             ; 6502: BEQ P3
2232   62F0 B6 6B 4F            LDAA VF
2233   62F3 84 04               ANDA #4
2234   62F5 27 03               BEQ SKIP_42
2235   62F7 7E 62 BD            JMP P3
2236   62FA             SKIP_42:
2237   62FA             ; 6502: JMP NEWP
2238   62FA 7E 60 EE            JMP NEWP
2239   62FD             SNGMV:
2240   62FD             ; 6502: JSR CMOVE
2241   62FD BD 63 F7            JSR CMOVE
2242   6300             ; 6502: BMI ILL1
2243   6300 B6 6B 4F            LDAA VF
2244   6303 84 08               ANDA #8
2245   6305 27 03               BEQ SKIP_43
2246   6307 7E 63 0D            JMP ILL1
2247   630A             SKIP_43:
2248   630A             ; 6502: JSR JANUS
2249   630A BD 5D F8            JSR JANUS
2250   630D             ILL1:
2251   630D             ; 6502: JSR RESET
2252   630D BD 65 55            JSR RESET
2253   6310             ; 6502: DEC MOVEN
2254   6310 B6 4F 36            LDAA VMEM+$B6
2255   6313 4A                  DECA
2256   6314 BD 68 C7            JSR H_NZ
2257   6317 B7 4F 36            STAA VMEM+$B6
2258   631A             ; 6502: RTS 
2259   631A 39                  RTS
2260   631B             LINE:
2261   631B             ; 6502: JSR CMOVE
2262   631B BD 63 F7            JSR CMOVE
2263   631E             ; 6502: BCC OVL
2264   631E B6 6B 4F            LDAA VF
2265   6321 84 01               ANDA #1
2266   6323 26 03               BNE SKIP_44
2267   6325 7E 63 32            JMP OVL
2268   6328             SKIP_44:
2269   6328             ; 6502: BVC LINE
2270   6328 B6 6B 4F            LDAA VF
2271   632B 84 02               ANDA #2
2272   632D 26 03               BNE SKIP_45
2273   632F 7E 63 1B            JMP LINE
2274   6332             SKIP_45:
2275   6332             OVL:
2276   6332             ; 6502: BMI ILL
2277   6332 B6 6B 4F            LDAA VF
2278   6335 84 08               ANDA #8
2279   6337 27 03               BEQ SKIP_46
2280   6339 7E 63 55            JMP ILL
2281   633C             SKIP_46:
2282   633C             ; 6502: PHP 
2283   633C B6 6B 4F            LDAA VF
2284   633F BD 69 82            JSR DATA_PUSH
2285   6342             ; 6502: JSR JANUS
2286   6342 BD 5D F8            JSR JANUS
2287   6345             ; 6502: PLP 
2288   6345 BD 69 8C            JSR DATA_POP
2289   6348 B7 6B 4F            STAA VF
2290   634B             ; 6502: BVC LINE
2291   634B B6 6B 4F            LDAA VF
2292   634E 84 02               ANDA #2
2293   6350 26 03               BNE SKIP_47
2294   6352 7E 63 1B            JMP LINE
2295   6355             SKIP_47:
2296   6355             ILL:
2297   6355             ; 6502: JSR RESET
2298   6355 BD 65 55            JSR RESET
2299   6358             ; 6502: DEC MOVEN
2300   6358 B6 4F 36            LDAA VMEM+$B6
2301   635B 4A                  DECA
2302   635C BD 68 C7            JSR H_NZ
2303   635F B7 4F 36            STAA VMEM+$B6
2304   6362             ; 6502: RTS 
2305   6362 39                  RTS
2306   6363             REVERSE:
2307   6363 BD 6D 5A            JSR RULES_REVERSE
2308   6366 BD 6A AA            JSR SWAP_PROMOTIONS
2309   6369             ; 6502: LDX #$0F
2310   6369 86 0F               LDAA #$0F
2311   636B BD 68 C7            JSR H_NZ
2312   636E B7 6B 4D            STAA VX
2313   6371             ETC:
2314   6371             ; 6502: SEC 
2315   6371 B6 6B 4F            LDAA VF
2316   6374 8A 01               ORAA #1
2317   6376 B7 6B 4F            STAA VF
2318   6379             ; 6502: LDY BK,X
2319   6379 CE 4E E0            LDX #VMEM+$60
2320   637C F6 6B 4D            LDAB VX
2321   637F 3A                  ABX
2322   6380 A6 00               LDAA 0,X
2323   6382 BD 68 C7            JSR H_NZ
2324   6385 B7 6B 4E            STAA VY
2325   6388             ; 6502: LDA #$77
2326   6388 86 77               LDAA #$77
2327   638A BD 68 C7            JSR H_NZ
2328   638D B7 6B 4C            STAA VA
2329   6390             ; 6502: SBC BOARD,X
2330   6390 CE 4E D0            LDX #VMEM+$50
2331   6393 F6 6B 4D            LDAB VX
2332   6396 3A                  ABX
2333   6397 A6 00               LDAA 0,X
2334   6399 B7 6B 50            STAA OPERAND
2335   639C BD 69 3C            JSR H_SBC
2336   639F             ; 6502: STA BK,X
2337   639F B6 6B 4C            LDAA VA
2338   63A2 CE 4E E0            LDX #VMEM+$60
2339   63A5 F6 6B 4D            LDAB VX
2340   63A8 3A                  ABX
2341   63A9 A7 00               STAA 0,X
2342   63AB             ; 6502: STY BOARD,X
2343   63AB B6 6B 4E            LDAA VY
2344   63AE CE 4E D0            LDX #VMEM+$50
2345   63B1 F6 6B 4D            LDAB VX
2346   63B4 3A                  ABX
2347   63B5 A7 00               STAA 0,X
2348   63B7             ; 6502: SEC 
2349   63B7 B6 6B 4F            LDAA VF
2350   63BA 8A 01               ORAA #1
2351   63BC B7 6B 4F            STAA VF
2352   63BF             ; 6502: LDA #$77
2353   63BF 86 77               LDAA #$77
2354   63C1 BD 68 C7            JSR H_NZ
2355   63C4 B7 6B 4C            STAA VA
2356   63C7             ; 6502: SBC BOARD,X
2357   63C7 CE 4E D0            LDX #VMEM+$50
2358   63CA F6 6B 4D            LDAB VX
2359   63CD 3A                  ABX
2360   63CE A6 00               LDAA 0,X
2361   63D0 B7 6B 50            STAA OPERAND
2362   63D3 BD 69 3C            JSR H_SBC
2363   63D6             ; 6502: STA BOARD,X
2364   63D6 B6 6B 4C            LDAA VA
2365   63D9 CE 4E D0            LDX #VMEM+$50
2366   63DC F6 6B 4D            LDAB VX
2367   63DF 3A                  ABX
2368   63E0 A7 00               STAA 0,X
2369   63E2             ; 6502: DEX 
2370   63E2 B6 6B 4D            LDAA VX
2371   63E5 4A                  DECA
2372   63E6 BD 68 C7            JSR H_NZ
2373   63E9 B7 6B 4D            STAA VX
2374   63EC             ; 6502: BPL ETC
2375   63EC B6 6B 4F            LDAA VF
2376   63EF 84 08               ANDA #8
2377   63F1 26 03               BNE SKIP_48
2378   63F3 7E 63 71            JMP ETC
2379   63F6             SKIP_48:
2380   63F6             ; 6502: RTS 
2381   63F6 39                  RTS
2382   63F7             CMOVE:
2383   63F7             ; 6502: LDA SQUARE
2384   63F7 B6 4F 31            LDAA VMEM+$B1
2385   63FA BD 68 C7            JSR H_NZ
2386   63FD B7 6B 4C            STAA VA
2387   6400             ; 6502: LDX MOVEN
2388   6400 B6 4F 36            LDAA VMEM+$B6
2389   6403 BD 68 C7            JSR H_NZ
2390   6406 B7 6B 4D            STAA VX
2391   6409             ; 6502: CLC 
2392   6409 B6 6B 4F            LDAA VF
2393   640C 84 FE               ANDA #$FE
2394   640E B7 6B 4F            STAA VF
2395   6411             ; 6502: ADC MOVEX,X
2396   6411 CE 6A F1            LDX #MOVEX
2397   6414 F6 6B 4D            LDAB VX
2398   6417 3A                  ABX
2399   6418 A6 00               LDAA 0,X
2400   641A B7 6B 50            STAA OPERAND
2401   641D BD 69 2D            JSR H_ADC
2402   6420             ; 6502: STA SQUARE
2403   6420 B6 6B 4C            LDAA VA
2404   6423 B7 4F 31            STAA VMEM+$B1
2405   6426             ; 6502: AND #$88
2406   6426 86 88               LDAA #$88
2407   6428 B7 6B 50            STAA OPERAND
2408   642B BD 69 4D            JSR H_AND
2409   642E             ; 6502: BNE ILLEGAL
2410   642E B6 6B 4F            LDAA VF
2411   6431 84 04               ANDA #4
2412   6433 26 03               BNE SKIP_49
2413   6435 7E 65 3C            JMP ILLEGAL
2414   6438             SKIP_49:
2415   6438             ; 6502: LDA SQUARE
2416   6438 B6 4F 31            LDAA VMEM+$B1
2417   643B BD 68 C7            JSR H_NZ
2418   643E B7 6B 4C            STAA VA
2419   6441             ; 6502: LDX #$20
2420   6441 86 20               LDAA #$20
2421   6443 BD 68 C7            JSR H_NZ
2422   6446 B7 6B 4D            STAA VX
2423   6449             LOOP:
2424   6449             ; 6502: DEX 
2425   6449 B6 6B 4D            LDAA VX
2426   644C 4A                  DECA
2427   644D BD 68 C7            JSR H_NZ
2428   6450 B7 6B 4D            STAA VX
2429   6453             ; 6502: BMI NO
2430   6453 B6 6B 4F            LDAA VF
2431   6456 84 08               ANDA #8
2432   6458 27 03               BEQ SKIP_50
2433   645A 7E 64 A2            JMP NO
2434   645D             SKIP_50:
2435   645D             ; 6502: CMP BOARD,X
2436   645D CE 4E D0            LDX #VMEM+$50
2437   6460 F6 6B 4D            LDAB VX
2438   6463 3A                  ABX
2439   6464 A6 00               LDAA 0,X
2440   6466 B7 6B 50            STAA OPERAND
2441   6469 BD 69 09            JSR H_CMP
2442   646C             ; 6502: BNE LOOP
2443   646C B6 6B 4F            LDAA VF
2444   646F 84 04               ANDA #4
2445   6471 26 03               BNE SKIP_51
2446   6473 7E 64 49            JMP LOOP
2447   6476             SKIP_51:
2448   6476             ; 6502: CPX #$10
2449   6476 86 10               LDAA #$10
2450   6478 B7 6B 50            STAA OPERAND
2451   647B BD 69 0E            JSR H_CPX
2452   647E             ; 6502: BMI ILLEGAL
2453   647E B6 6B 4F            LDAA VF
2454   6481 84 08               ANDA #8
2455   6483 27 03               BEQ SKIP_52
2456   6485 7E 65 3C            JMP ILLEGAL
2457   6488             SKIP_52:
2458   6488             ; 6502: LDA #$7F
2459   6488 86 7F               LDAA #$7F
2460   648A BD 68 C7            JSR H_NZ
2461   648D B7 6B 4C            STAA VA
2462   6490             ; 6502: ADC #$01
2463   6490 86 01               LDAA #$01
2464   6492 B7 6B 50            STAA OPERAND
2465   6495 BD 69 2D            JSR H_ADC
2466   6498             ; 6502: BVS SPX
2467   6498 B6 6B 4F            LDAA VF
2468   649B 84 02               ANDA #2
2469   649D 27 03               BEQ SKIP_53
2470   649F 7E 64 BC            JMP SPX
2471   64A2             SKIP_53:
2472   64A2 BD 6D 7D    NO:     JSR EP_CAPTURE
2473   64A5 81 FF               CMPA #$FF
2474   64A7 27 0B               BEQ NO_EP
2475   64A9 B6 6B 4F            LDAA VF
2476   64AC 8A 02               ORAA #2
2477   64AE B7 6B 4F            STAA VF
2478   64B1 7E 64 BC            JMP SPX
2479   64B4             NO_EP:
2480   64B4             ; 6502: CLV 
2481   64B4 B6 6B 4F            LDAA VF
2482   64B7 84 FD               ANDA #$FD
2483   64B9 B7 6B 4F            STAA VF
2484   64BC             SPX:
2485   64BC             ; 6502: LDA STATE
2486   64BC B6 4F 35            LDAA VMEM+$B5
2487   64BF BD 68 C7            JSR H_NZ
2488   64C2 B7 6B 4C            STAA VA
2489   64C5             ; 6502: BMI RETL
2490   64C5 B6 6B 4F            LDAA VF
2491   64C8 84 08               ANDA #8
2492   64CA 27 03               BEQ SKIP_54
2493   64CC 7E 65 2B            JMP RETL
2494   64CF             SKIP_54:
2495   64CF             ; 6502: CMP #$08
2496   64CF 86 08               LDAA #$08
2497   64D1 B7 6B 50            STAA OPERAND
2498   64D4 BD 69 09            JSR H_CMP
2499   64D7             ; 6502: BPL RETL
2500   64D7 B6 6B 4F            LDAA VF
2501   64DA 84 08               ANDA #8
2502   64DC 26 03               BNE SKIP_55
2503   64DE 7E 65 2B            JMP RETL
2504   64E1             SKIP_55:
2505   64E1             CHKCHK:
2506   64E1 B6 6B 60            LDAA FASTMODE
2507   64E4 27 08               BEQ DO_CHECK
2508   64E6 B6 4F 35            LDAA STATE
2509   64E9 26 03               BNE DO_CHECK
2510   64EB 7E 65 2B            JMP RETL
2511   64EE             DO_CHECK:
2512   64EE B6 6B 4C            LDAA VA
2513   64F1 36                  PSHA
2514   64F2 B6 6B 4F            LDAA VF
2515   64F5 36                  PSHA
2516   64F6 BD 69 96            JSR MOVE
2517   64F9 BD 6B D3            JSR NATIVE_CHECK
2518   64FC B7 6D 0D            STAA CHECKRESULT
2519   64FF BD 6A 0F            JSR UMOVE
2520   6502 32                  PULA
2521   6503 B7 6B 4F            STAA VF
2522   6506 32                  PULA
2523   6507 B7 6B 4C            STAA VA
2524   650A B6 6D 0D            LDAA CHECKRESULT
2525   650D 27 14               BEQ NC_SAFE
2526   650F 7F 4F 34            CLR INCHEK
2527   6512 B6 6B 4F            LDAA VF
2528   6515 8A 01               ORAA #1
2529   6517 B7 6B 4F            STAA VF
2530   651A 86 FF               LDAA #$FF
2531   651C BD 68 C7            JSR H_NZ
2532   651F B7 6B 4C            STAA VA
2533   6522 39                  RTS
2534   6523             NC_SAFE:
2535   6523 86 F9               LDAA #$F9
2536   6525 B7 4F 34            STAA INCHEK
2537   6528 7E 65 2B            JMP RETL
2538   652B             RETL:
2539   652B             ; 6502: CLC 
2540   652B B6 6B 4F            LDAA VF
2541   652E 84 FE               ANDA #$FE
2542   6530 B7 6B 4F            STAA VF
2543   6533             ; 6502: LDA #$00
2544   6533 86 00               LDAA #$00
2545   6535 BD 68 C7            JSR H_NZ
2546   6538 B7 6B 4C            STAA VA
2547   653B             ; 6502: RTS 
2548   653B 39                  RTS
2549   653C             ILLEGAL:
2550   653C             ; 6502: LDA #$FF
2551   653C 86 FF               LDAA #$FF
2552   653E BD 68 C7            JSR H_NZ
2553   6541 B7 6B 4C            STAA VA
2554   6544             ; 6502: CLC 
2555   6544 B6 6B 4F            LDAA VF
2556   6547 84 FE               ANDA #$FE
2557   6549 B7 6B 4F            STAA VF
2558   654C             ; 6502: CLV 
2559   654C B6 6B 4F            LDAA VF
2560   654F 84 FD               ANDA #$FD
2561   6551 B7 6B 4F            STAA VF
2562   6554             ; 6502: RTS 
2563   6554 39                  RTS
2564   6555             RESET:
2565   6555             ; 6502: LDX PIECE
2566   6555 B6 4F 30            LDAA VMEM+$B0
2567   6558 BD 68 C7            JSR H_NZ
2568   655B B7 6B 4D            STAA VX
2569   655E             ; 6502: LDA BOARD,X
2570   655E CE 4E D0            LDX #VMEM+$50
2571   6561 F6 6B 4D            LDAB VX
2572   6564 3A                  ABX
2573   6565 A6 00               LDAA 0,X
2574   6567 BD 68 C7            JSR H_NZ
2575   656A B7 6B 4C            STAA VA
2576   656D             ; 6502: STA SQUARE
2577   656D B6 6B 4C            LDAA VA
2578   6570 B7 4F 31            STAA VMEM+$B1
2579   6573             ; 6502: RTS 
2580   6573 39                  RTS
2581   6574             GENRM:
2582   6574             ; 6502: JSR MOVE
2583   6574 BD 69 96            JSR MOVE
2584   6577             GENR2:
2585   6577             ; 6502: JSR REVERSE
2586   6577 BD 63 63            JSR REVERSE
2587   657A             ; 6502: JSR GNM
2588   657A BD 60 DD            JSR GNM
2589   657D             RUM:
2590   657D             ; 6502: JSR REVERSE
2591   657D BD 63 63            JSR REVERSE
2592   6580 7E 6A 0F            JMP UMOVE
2593   6583             CKMATE:
2594   6583             ; 6502: LDY BMAXC
2595   6583 B6 4F 64            LDAA VMEM+$E4
2596   6586 BD 68 C7            JSR H_NZ
2597   6589 B7 6B 4E            STAA VY
2598   658C             ; 6502: CPX POINTS
2599   658C B6 6B 02            LDAA POINTS
2600   658F B7 6B 50            STAA OPERAND
2601   6592 BD 69 13            JSR H_CPY
2602   6595             ; 6502: BNE NOCHEK
2603   6595 B6 6B 4F            LDAA VF
2604   6598 84 04               ANDA #4
2605   659A 26 03               BNE SKIP_57
2606   659C 7E 65 B1            JMP NOCHEK
2607   659F             SKIP_57:
2608   659F             ; 6502: LDA #$00
2609   659F 86 00               LDAA #$00
2610   65A1 BD 68 C7            JSR H_NZ
2611   65A4 B7 6B 4C            STAA VA
2612   65A7             ; 6502: BEQ RETV
2613   65A7 B6 6B 4F            LDAA VF
2614   65AA 84 04               ANDA #4
2615   65AC 27 03               BEQ SKIP_58
2616   65AE 7E 65 DF            JMP RETV
2617   65B1             SKIP_58:
2618   65B1             NOCHEK:
2619   65B1             ; 6502: LDX BMOB
2620   65B1 B6 4F 63            LDAA VMEM+$E3
2621   65B4 BD 68 C7            JSR H_NZ
2622   65B7 B7 6B 4D            STAA VX
2623   65BA             ; 6502: BNE RETV
2624   65BA B6 6B 4F            LDAA VF
2625   65BD 84 04               ANDA #4
2626   65BF 26 03               BNE SKIP_59
2627   65C1 7E 65 DF            JMP RETV
2628   65C4             SKIP_59:
2629   65C4             ; 6502: LDX WMAXP
2630   65C4 B6 4F 6E            LDAA VMEM+$EE
2631   65C7 BD 68 C7            JSR H_NZ
2632   65CA B7 6B 4D            STAA VX
2633   65CD             ; 6502: BNE RETV
2634   65CD B6 6B 4F            LDAA VF
2635   65D0 84 04               ANDA #4
2636   65D2 26 03               BNE SKIP_60
2637   65D4 7E 65 DF            JMP RETV
2638   65D7             SKIP_60:
2639   65D7             ; 6502: LDA #$FF
2640   65D7 86 FF               LDAA #$FF
2641   65D9 BD 68 C7            JSR H_NZ
2642   65DC B7 6B 4C            STAA VA
2643   65DF             RETV:
2644   65DF             ; 6502: LDX #$04
2645   65DF 86 04               LDAA #$04
2646   65E1 BD 68 C7            JSR H_NZ
2647   65E4 B7 6B 4D            STAA VX
2648   65E7             ; 6502: STX STATE
2649   65E7 B6 6B 4D            LDAA VX
2650   65EA B7 4F 35            STAA VMEM+$B5
2651   65ED             PUSH:
2652   65ED             ; 6502: CMP BESTV
2653   65ED B6 4F 7A            LDAA VMEM+$FA
2654   65F0 B7 6B 50            STAA OPERAND
2655   65F3 BD 69 09            JSR H_CMP
2656   65F6             ; 6502: BCC RETP
2657   65F6 B6 6B 4F            LDAA VF
2658   65F9 84 01               ANDA #1
2659   65FB 26 03               BNE SKIP_61
2660   65FD 7E 66 34            JMP RETP
2661   6600             SKIP_61:
2662   6600             ; 6502: BEQ RETP
2663   6600 B6 6B 4F            LDAA VF
2664   6603 84 04               ANDA #4
2665   6605 27 03               BEQ SKIP_62
2666   6607 7E 66 34            JMP RETP
2667   660A             SKIP_62:
2668   660A B6 70 3B            LDAA PROMCHOICE
2669   660D B7 70 3D            STAA BESTPROM
2670   6610             ; 6502: STA BESTV
2671   6610 B6 6B 4C            LDAA VA
2672   6613 B7 4F 7A            STAA VMEM+$FA
2673   6616             ; 6502: LDA PIECE
2674   6616 B6 4F 30            LDAA VMEM+$B0
2675   6619 BD 68 C7            JSR H_NZ
2676   661C B7 6B 4C            STAA VA
2677   661F             ; 6502: STA BESTP
2678   661F B6 6B 4C            LDAA VA
2679   6622 B7 4F 7B            STAA VMEM+$FB
2680   6625             ; 6502: LDA SQUARE
2681   6625 B6 4F 31            LDAA VMEM+$B1
2682   6628 BD 68 C7            JSR H_NZ
2683   662B B7 6B 4C            STAA VA
2684   662E             ; 6502: STA BESTM
2685   662E B6 6B 4C            LDAA VA
2686   6631 B7 4F 79            STAA VMEM+$F9
2687   6634             RETP:
2688   6634             ; 6502: LDA #"."
2689   6634 86 2E               LDAA #$2E
2690   6636 BD 68 C7            JSR H_NZ
2691   6639 B7 6B 4C            STAA VA
2692   663C             ; 6502: JMP syschout
2693   663C 39                  RTS
2694   663D BD 89 80    GO:     JSR SEARCH_BEGIN
2695   6640             ; The supplied adaptation always disables the old opening sequence.
2696   6640             ; Omit its unreachable native wrapper; retain the original table for reference.
2697   6640             NOOPEN:
2698   6640             ; 6502: LDX #$0C
2699   6640 86 0C               LDAA #$0C
2700   6642 BD 68 C7            JSR H_NZ
2701   6645 B7 6B 4D            STAA VX
2702   6648             ; 6502: STX STATE
2703   6648 B6 6B 4D            LDAA VX
2704   664B B7 4F 35            STAA VMEM+$B5
2705   664E             ; 6502: STX BESTV
2706   664E B6 6B 4D            LDAA VX
2707   6651 B7 4F 7A            STAA VMEM+$FA
2708   6654             ; 6502: LDX #$14
2709   6654 86 14               LDAA #$14
2710   6656 BD 68 C7            JSR H_NZ
2711   6659 B7 6B 4D            STAA VX
2712   665C             ; 6502: JSR GNMX
2713   665C BD 60 B5            JSR GNMX
2714   665F             ; 6502: LDX #$04
2715   665F 86 04               LDAA #$04
2716   6661 BD 68 C7            JSR H_NZ
2717   6664 B7 6B 4D            STAA VX
2718   6667             ; 6502: STX STATE
2719   6667 B6 6B 4D            LDAA VX
2720   666A B7 4F 35            STAA VMEM+$B5
2721   666D             ; 6502: JSR GNMZ
2722   666D BD 60 AD            JSR GNMZ
2723   6670             ; 6502: LDX BESTV
2724   6670 B6 4F 7A            LDAA VMEM+$FA
2725   6673 BD 68 C7            JSR H_NZ
2726   6676 B7 6B 4D            STAA VX
2727   6679             ; 6502: CPX #$0F
2728   6679 86 0F               LDAA #$0F
2729   667B B7 6B 50            STAA OPERAND
2730   667E BD 69 0E            JSR H_CPX
2731   6681             ; 6502: BCC MATE
2732   6681 B6 6B 4F            LDAA VF
2733   6684 84 01               ANDA #1
2734   6686 26 03               BNE SKIP_66
2735   6688 7E 66 D0            JMP MATE
2736   668B             SKIP_66:
2737   668B 7F 8A 47    MV2:    CLR BUDGETACTIVE
2738   668E 86 01               LDAA #1
2739   6690 B7 6B 5F            STAA SEARCHOK
2740   6693             ; 6502: LDX BESTP
2741   6693 B6 4F 7B            LDAA VMEM+$FB
2742   6696 BD 68 C7            JSR H_NZ
2743   6699 B7 6B 4D            STAA VX
2744   669C             ; 6502: LDA BOARD,X
2745   669C CE 4E D0            LDX #VMEM+$50
2746   669F F6 6B 4D            LDAB VX
2747   66A2 3A                  ABX
2748   66A3 A6 00               LDAA 0,X
2749   66A5 BD 68 C7            JSR H_NZ
2750   66A8 B7 6B 4C            STAA VA
2751   66AB             ; 6502: STA BESTV
2752   66AB B6 6B 4C            LDAA VA
2753   66AE B7 4F 7A            STAA VMEM+$FA
2754   66B1             ; 6502: STX PIECE
2755   66B1 B6 6B 4D            LDAA VX
2756   66B4 B7 4F 30            STAA VMEM+$B0
2757   66B7             ; 6502: LDA BESTM
2758   66B7 B6 4F 79            LDAA VMEM+$F9
2759   66BA BD 68 C7            JSR H_NZ
2760   66BD B7 6B 4C            STAA VA
2761   66C0             ; 6502: STA SQUARE
2762   66C0 B6 6B 4C            LDAA VA
2763   66C3 B7 4F 31            STAA VMEM+$B1
2764   66C6             ; 6502: JSR MOVE
2765   66C6 B6 70 3D            LDAA BESTPROM
2766   66C9 B7 70 3B            STAA PROMCHOICE
2767   66CC BD 69 96            JSR MOVE
2768   66CF             ; 6502: JMP CHESS
2769   66CF 39                  RTS
2770   66D0 7F 8A 47    MATE:   CLR BUDGETACTIVE
2771   66D3             ; 6502: LDA #$FF
2772   66D3 86 FF               LDAA #$FF
2773   66D5 BD 68 C7            JSR H_NZ
2774   66D8 B7 6B 4C            STAA VA
2775   66DB             ; 6502: RTS 
2776   66DB 39                  RTS
2777   66DC             STRATGY:
2778   66DC             ; 6502: CLC 
2779   66DC B6 6B 4F            LDAA VF
2780   66DF 84 FE               ANDA #$FE
2781   66E1 B7 6B 4F            STAA VF
2782   66E4             ; 6502: LDA #$80
2783   66E4 86 80               LDAA #$80
2784   66E6 BD 68 C7            JSR H_NZ
2785   66E9 B7 6B 4C            STAA VA
2786   66EC             ; 6502: ADC WMOB
2787   66EC B6 4F 6B            LDAA VMEM+$EB
2788   66EF B7 6B 50            STAA OPERAND
2789   66F2 BD 69 2D            JSR H_ADC
2790   66F5             ; 6502: ADC WMAXC
2791   66F5 B6 4F 6C            LDAA VMEM+$EC
2792   66F8 B7 6B 50            STAA OPERAND
2793   66FB BD 69 2D            JSR H_ADC
2794   66FE             ; 6502: ADC WCC
2795   66FE B6 4F 6D            LDAA VMEM+$ED
2796   6701 B7 6B 50            STAA OPERAND
2797   6704 BD 69 2D            JSR H_ADC
2798   6707             ; 6502: ADC WCAP1
2799   6707 B6 4F 61            LDAA VMEM+$E1
2800   670A B7 6B 50            STAA OPERAND
2801   670D BD 69 2D            JSR H_ADC
2802   6710             ; 6502: ADC WCAP2
2803   6710 B6 4F 5F            LDAA VMEM+$DF
2804   6713 B7 6B 50            STAA OPERAND
2805   6716 BD 69 2D            JSR H_ADC
2806   6719             ; 6502: SEC 
2807   6719 B6 6B 4F            LDAA VF
2808   671C 8A 01               ORAA #1
2809   671E B7 6B 4F            STAA VF
2810   6721             ; 6502: SBC PMAXC
2811   6721 B6 4F 70            LDAA VMEM+$F0
2812   6724 B7 6B 50            STAA OPERAND
2813   6727 BD 69 3C            JSR H_SBC
2814   672A             ; 6502: SBC PCC
2815   672A B6 4F 71            LDAA VMEM+$F1
2816   672D B7 6B 50            STAA OPERAND
2817   6730 BD 69 3C            JSR H_SBC
2818   6733             ; 6502: SBC BCAP0
2819   6733 B6 4F 62            LDAA VMEM+$E2
2820   6736 B7 6B 50            STAA OPERAND
2821   6739 BD 69 3C            JSR H_SBC
2822   673C             ; 6502: SBC BCAP1
2823   673C B6 4F 60            LDAA VMEM+$E0
2824   673F B7 6B 50            STAA OPERAND
2825   6742 BD 69 3C            JSR H_SBC
2826   6745             ; 6502: SBC BCAP2
2827   6745 B6 4F 5E            LDAA VMEM+$DE
2828   6748 B7 6B 50            STAA OPERAND
2829   674B BD 69 3C            JSR H_SBC
2830   674E             ; 6502: SBC PMOB
2831   674E B6 4F 6F            LDAA VMEM+$EF
2832   6751 B7 6B 50            STAA OPERAND
2833   6754 BD 69 3C            JSR H_SBC
2834   6757             ; 6502: SBC BMOB
2835   6757 B6 4F 63            LDAA VMEM+$E3
2836   675A B7 6B 50            STAA OPERAND
2837   675D BD 69 3C            JSR H_SBC
2838   6760             ; 6502: BCS POS
2839   6760 B6 6B 4F            LDAA VF
2840   6763 84 01               ANDA #1
2841   6765 27 03               BEQ SKIP_67
2842   6767 7E 67 72            JMP POS
2843   676A             SKIP_67:
2844   676A             ; 6502: LDA #$00
2845   676A 86 00               LDAA #$00
2846   676C BD 68 C7            JSR H_NZ
2847   676F B7 6B 4C            STAA VA
2848   6772             POS:
2849   6772             ; 6502: LSR 
2850   6772 B6 6B 4C            LDAA VA
2851   6775 B7 6B 51            STAA SHIFTVAL
2852   6778 BD 69 6E            JSR H_LSR
2853   677B B7 6B 4C            STAA VA
2854   677E             ; 6502: CLC 
2855   677E B6 6B 4F            LDAA VF
2856   6781 84 FE               ANDA #$FE
2857   6783 B7 6B 4F            STAA VF
2858   6786             ; 6502: ADC #$40
2859   6786 86 40               LDAA #$40
2860   6788 B7 6B 50            STAA OPERAND
2861   678B BD 69 2D            JSR H_ADC
2862   678E             ; 6502: ADC WMAXC
2863   678E B6 4F 6C            LDAA VMEM+$EC
2864   6791 B7 6B 50            STAA OPERAND
2865   6794 BD 69 2D            JSR H_ADC
2866   6797             ; 6502: ADC WCC
2867   6797 B6 4F 6D            LDAA VMEM+$ED
2868   679A B7 6B 50            STAA OPERAND
2869   679D BD 69 2D            JSR H_ADC
2870   67A0             ; 6502: SEC 
2871   67A0 B6 6B 4F            LDAA VF
2872   67A3 8A 01               ORAA #1
2873   67A5 B7 6B 4F            STAA VF
2874   67A8             ; 6502: SBC BMAXC
2875   67A8 B6 4F 64            LDAA VMEM+$E4
2876   67AB B7 6B 50            STAA OPERAND
2877   67AE BD 69 3C            JSR H_SBC
2878   67B1             ; 6502: LSR 
2879   67B1 B6 6B 4C            LDAA VA
2880   67B4 B7 6B 51            STAA SHIFTVAL
2881   67B7 BD 69 6E            JSR H_LSR
2882   67BA B7 6B 4C            STAA VA
2883   67BD             ; 6502: CLC 
2884   67BD B6 6B 4F            LDAA VF
2885   67C0 84 FE               ANDA #$FE
2886   67C2 B7 6B 4F            STAA VF
2887   67C5             ; 6502: ADC #$90
2888   67C5 86 90               LDAA #$90
2889   67C7 B7 6B 50            STAA OPERAND
2890   67CA BD 69 2D            JSR H_ADC
2891   67CD             ; 6502: ADC WCAP0
2892   67CD B6 4F 5D            LDAA VMEM+$DD
2893   67D0 B7 6B 50            STAA OPERAND
2894   67D3 BD 69 2D            JSR H_ADC
2895   67D6             ; 6502: ADC WCAP0
2896   67D6 B6 4F 5D            LDAA VMEM+$DD
2897   67D9 B7 6B 50            STAA OPERAND
2898   67DC BD 69 2D            JSR H_ADC
2899   67DF             ; 6502: ADC WCAP0
2900   67DF B6 4F 5D            LDAA VMEM+$DD
2901   67E2 B7 6B 50            STAA OPERAND
2902   67E5 BD 69 2D            JSR H_ADC
2903   67E8             ; 6502: ADC WCAP0
2904   67E8 B6 4F 5D            LDAA VMEM+$DD
2905   67EB B7 6B 50            STAA OPERAND
2906   67EE BD 69 2D            JSR H_ADC
2907   67F1             ; 6502: ADC WCAP1
2908   67F1 B6 4F 61            LDAA VMEM+$E1
2909   67F4 B7 6B 50            STAA OPERAND
2910   67F7 BD 69 2D            JSR H_ADC
2911   67FA             ; 6502: SEC 
2912   67FA B6 6B 4F            LDAA VF
2913   67FD 8A 01               ORAA #1
2914   67FF B7 6B 4F            STAA VF
2915   6802             ; 6502: SBC BMAXC
2916   6802 B6 4F 64            LDAA VMEM+$E4
2917   6805 B7 6B 50            STAA OPERAND
2918   6808 BD 69 3C            JSR H_SBC
2919   680B             ; 6502: SBC BMAXC
2920   680B B6 4F 64            LDAA VMEM+$E4
2921   680E B7 6B 50            STAA OPERAND
2922   6811 BD 69 3C            JSR H_SBC
2923   6814             ; 6502: SBC BMCC
2924   6814 B6 4F 65            LDAA VMEM+$E5
2925   6817 B7 6B 50            STAA OPERAND
2926   681A BD 69 3C            JSR H_SBC
2927   681D             ; 6502: SBC BMCC
2928   681D B6 4F 65            LDAA VMEM+$E5
2929   6820 B7 6B 50            STAA OPERAND
2930   6823 BD 69 3C            JSR H_SBC
2931   6826             ; 6502: SBC BCAP1
2932   6826 B6 4F 60            LDAA VMEM+$E0
2933   6829 B7 6B 50            STAA OPERAND
2934   682C BD 69 3C            JSR H_SBC
2935   682F             ; 6502: LDX SQUARE
2936   682F B6 4F 31            LDAA VMEM+$B1
2937   6832 BD 68 C7            JSR H_NZ
2938   6835 B7 6B 4D            STAA VX
2939   6838             ; 6502: CPX #$33
2940   6838 86 33               LDAA #$33
2941   683A B7 6B 50            STAA OPERAND
2942   683D BD 69 0E            JSR H_CPX
2943   6840             ; 6502: BEQ POSN
2944   6840 B6 6B 4F            LDAA VF
2945   6843 84 04               ANDA #4
2946   6845 27 03               BEQ SKIP_68
2947   6847 7E 68 B4            JMP POSN
2948   684A             SKIP_68:
2949   684A             ; 6502: CPX #$34
2950   684A 86 34               LDAA #$34
2951   684C B7 6B 50            STAA OPERAND
2952   684F BD 69 0E            JSR H_CPX
2953   6852             ; 6502: BEQ POSN
2954   6852 B6 6B 4F            LDAA VF
2955   6855 84 04               ANDA #4
2956   6857 27 03               BEQ SKIP_69
2957   6859 7E 68 B4            JMP POSN
2958   685C             SKIP_69:
2959   685C             ; 6502: CPX #$22
2960   685C 86 22               LDAA #$22
2961   685E B7 6B 50            STAA OPERAND
2962   6861 BD 69 0E            JSR H_CPX
2963   6864             ; 6502: BEQ POSN
2964   6864 B6 6B 4F            LDAA VF
2965   6867 84 04               ANDA #4
2966   6869 27 03               BEQ SKIP_70
2967   686B 7E 68 B4            JMP POSN
2968   686E             SKIP_70:
2969   686E             ; 6502: CPX #$25
2970   686E 86 25               LDAA #$25
2971   6870 B7 6B 50            STAA OPERAND
2972   6873 BD 69 0E            JSR H_CPX
2973   6876             ; 6502: BEQ POSN
2974   6876 B6 6B 4F            LDAA VF
2975   6879 84 04               ANDA #4
2976   687B 27 03               BEQ SKIP_71
2977   687D 7E 68 B4            JMP POSN
2978   6880             SKIP_71:
2979   6880             ; 6502: LDX PIECE
2980   6880 B6 4F 30            LDAA VMEM+$B0
2981   6883 BD 68 C7            JSR H_NZ
2982   6886 B7 6B 4D            STAA VX
2983   6889             ; 6502: BEQ NOPOSN
2984   6889 B6 6B 4F            LDAA VF
2985   688C 84 04               ANDA #4
2986   688E 27 03               BEQ SKIP_72
2987   6890 7E 68 C4            JMP NOPOSN
2988   6893             SKIP_72:
2989   6893             ; 6502: LDY BOARD,X
2990   6893 CE 4E D0            LDX #VMEM+$50
2991   6896 F6 6B 4D            LDAB VX
2992   6899 3A                  ABX
2993   689A A6 00               LDAA 0,X
2994   689C BD 68 C7            JSR H_NZ
2995   689F B7 6B 4E            STAA VY
2996   68A2             ; 6502: CPY #$10
2997   68A2 86 10               LDAA #$10
2998   68A4 B7 6B 50            STAA OPERAND
2999   68A7 BD 69 13            JSR H_CPY
3000   68AA             ; 6502: BPL NOPOSN
3001   68AA B6 6B 4F            LDAA VF
3002   68AD 84 08               ANDA #8
3003   68AF 26 03               BNE SKIP_73
3004   68B1 7E 68 C4            JMP NOPOSN
3005   68B4             SKIP_73:
3006   68B4             POSN:
3007   68B4             ; 6502: CLC 
3008   68B4 B6 6B 4F            LDAA VF
3009   68B7 84 FE               ANDA #$FE
3010   68B9 B7 6B 4F            STAA VF
3011   68BC             ; 6502: ADC #$02
3012   68BC 86 02               LDAA #$02
3013   68BE B7 6B 50            STAA OPERAND
3014   68C1 BD 69 2D            JSR H_ADC
3015   68C4             NOPOSN:
3016   68C4             ; 6502: JMP CKMATE
3017   68C4 7E 65 83            JMP CKMATE
3018   68C7             ; Helpers preserve 6502 flag semantics (stores do not change VF).
3019   68C7 36          H_NZ:   PSHA
3020   68C8 07                  TPA
3021   68C9 84 0C               ANDA #12
3022   68CB B7 6B 52            STAA FLAGTMP
3023   68CE B6 6B 4F            LDAA VF
3024   68D1 84 F3               ANDA #$F3
3025   68D3 BA 6B 52            ORAA FLAGTMP
3026   68D6 B7 6B 4F            STAA VF
3027   68D9 32                  PULA
3028   68DA 39                  RTS
3029   68DB 36          H_NZC:  PSHA
3030   68DC 07                  TPA
3031   68DD 84 0D               ANDA #13
3032   68DF B7 6B 52            STAA FLAGTMP
3033   68E2 B6 6B 4F            LDAA VF
3034   68E5 84 F2               ANDA #$F2
3035   68E7 BA 6B 52            ORAA FLAGTMP
3036   68EA B7 6B 4F            STAA VF
3037   68ED 32                  PULA
3038   68EE 39                  RTS
3039   68EF 36          H_FULL: PSHA
3040   68F0 07                  TPA
3041   68F1 84 0F               ANDA #15
3042   68F3 B7 6B 4F            STAA VF
3043   68F6 32                  PULA
3044   68F7 B7 6B 4C            STAA VA
3045   68FA 39                  RTS
3046   68FB             H_SUBFULL:
3047   68FB 36                  PSHA
3048   68FC 07                  TPA
3049   68FD 88 01               EORA #1
3050   68FF 84 0F               ANDA #15
3051   6901 B7 6B 4F            STAA VF
3052   6904 32                  PULA
3053   6905 B7 6B 4C            STAA VA
3054   6908 39                  RTS
3055   6909 B6 6B 4C    H_CMP:  LDAA VA
3056   690C 20 08               BRA H_COMPARE
3057   690E B6 6B 4D    H_CPX:  LDAA VX
3058   6911 20 03               BRA H_COMPARE
3059   6913 B6 6B 4E    H_CPY:  LDAA VY
3060   6916             H_COMPARE:
3061   6916 B0 6B 50            SUBA OPERAND
3062   6919 07                  TPA
3063   691A 88 01               EORA #1
3064   691C 84 0D               ANDA #13
3065   691E B7 6B 52            STAA FLAGTMP
3066   6921 B6 6B 4F            LDAA VF
3067   6924 84 F2               ANDA #$F2
3068   6926 BA 6B 52            ORAA FLAGTMP
3069   6929 B7 6B 4F            STAA VF
3070   692C 39                  RTS
3071   692D B6 6B 4F    H_ADC:  LDAA VF
3072   6930 8A 10               ORAA #$10            ; keep IRQ masked while bitmap overlays BASIC RAM
3073   6932 06                  TAP
3074   6933 B6 6B 4C            LDAA VA
3075   6936 B9 6B 50            ADCA OPERAND
3076   6939 7E 68 EF            JMP H_FULL
3077   693C B6 6B 4F    H_SBC:  LDAA VF
3078   693F 88 01               EORA #1
3079   6941 8A 10               ORAA #$10
3080   6943 06                  TAP
3081   6944 B6 6B 4C            LDAA VA
3082   6947 B2 6B 50            SBCA OPERAND
3083   694A 7E 68 FB            JMP H_SUBFULL
3084   694D B6 6B 4C    H_AND:  LDAA VA
3085   6950 B4 6B 50            ANDA OPERAND
3086   6953 BD 68 C7            JSR H_NZ
3087   6956 B7 6B 4C            STAA VA
3088   6959 39                  RTS
3089   695A B6 6B 4C    H_ORA:  LDAA VA
3090   695D BA 6B 50            ORAA OPERAND
3091   6960 BD 68 C7            JSR H_NZ
3092   6963 B7 6B 4C            STAA VA
3093   6966 39                  RTS
3094   6967 B6 6B 51    H_ASL:  LDAA SHIFTVAL
3095   696A 48                  ASLA
3096   696B 7E 68 DB            JMP H_NZC
3097   696E B6 6B 51    H_LSR:  LDAA SHIFTVAL
3098   6971 44                  LSRA
3099   6972 7E 68 DB            JMP H_NZC
3100   6975 B6 6B 4F    H_ROL:  LDAA VF
3101   6978 8A 10               ORAA #$10
3102   697A 06                  TAP
3103   697B B6 6B 51            LDAA SHIFTVAL
3104   697E 49                  ROLA
3105   697F 7E 68 DB            JMP H_NZC
3106   6982             DATA_PUSH:
3107   6982 FE 6B 54            LDX DPTR
3108   6985 A7 00               STAA 0,X
3109   6987 08                  INX
3110   6988 FF 6B 54            STX DPTR
3111   698B 39                  RTS
3112   698C             DATA_POP:
3113   698C FE 6B 54            LDX DPTR
3114   698F 09                  DEX
3115   6990 FF 6B 54            STX DPTR
3116   6993 A6 00               LDAA 0,X
3117   6995 39                  RTS
3118   6996             
3119   6996             ; Dedicated undo records replace the 6502's switched hardware stacks.
3120   6996 BD 6D 34    MOVE:   JSR RULES_SAVE
3121   6999 FE 6B 56            LDX UPTR
3122   699C B6 4F 31            LDAA SQUARE
3123   699F A7 00               STAA 0,X
3124   69A1 B7 6B 4E            STAA VY
3125   69A4 C6 1F               LDAB #31
3126   69A6 CE 4E D0    M_FIND: LDX #BOARD
3127   69A9 3A                  ABX
3128   69AA A6 00               LDAA 0,X
3129   69AC B1 4F 31            CMPA SQUARE
3130   69AF 27 08               BEQ M_CAPTURE
3131   69B1 5A                  DECB
3132   69B2 2A F2               BPL M_FIND
3133   69B4 BD 6D CC            JSR MOVE_EP
3134   69B7 20 04               BRA M_RECORD
3135   69B9             M_CAPTURE:
3136   69B9 86 CC               LDAA #$CC
3137   69BB A7 00               STAA 0,X
3138   69BD             M_RECORD:
3139   69BD FE 6B 56            LDX UPTR
3140   69C0 E7 01               STAB 1,X
3141   69C2 CE 4E D0            LDX #BOARD
3142   69C5 F6 4F 30            LDAB PIECE
3143   69C8 3A                  ABX
3144   69C9 A6 00               LDAA 0,X
3145   69CB B7 6B 53            STAA FROMTEMP
3146   69CE B6 4F 31            LDAA SQUARE
3147   69D1 A7 00               STAA 0,X
3148   69D3 FE 6B 56            LDX UPTR
3149   69D6 E6 01               LDAB 1,X
3150   69D8 BD 6D EB            JSR RULES_MOVE
3151   69DB FE 6B 56            LDX UPTR
3152   69DE B6 6B 53            LDAA FROMTEMP
3153   69E1 A7 02               STAA 2,X
3154   69E3 B6 4F 30            LDAA PIECE
3155   69E6 A7 03               STAA 3,X
3156   69E8 B6 4F 36            LDAA MOVEN
3157   69EB A7 04               STAA 4,X
3158   69ED CE 4F 80            LDX #PROMOTED
3159   69F0 F6 4F 30            LDAB PIECE
3160   69F3 3A                  ABX
3161   69F4 A6 00               LDAA 0,X
3162   69F6 FE 6B 56            LDX UPTR
3163   69F9 A7 05               STAA 5,X
3164   69FB C6 10               LDAB #16
3165   69FD 3A                  ABX
3166   69FE FF 6B 56            STX UPTR
3167   6A01 BD 6A 67            JSR UPDATE_PROMOTION
3168   6A04 B6 4F 36            LDAA MOVEN
3169   6A07 4D                  TSTA
3170   6A08 BD 68 C7            JSR H_NZ
3171   6A0B B7 6B 4C            STAA VA
3172   6A0E 39                  RTS
3173   6A0F FC 6B 56    UMOVE:  LDD UPTR
3174   6A12 83 00 10            SUBD #16
3175   6A15 FD 6B 56            STD UPTR
3176   6A18 FE 6B 56            LDX UPTR
3177   6A1B A6 04               LDAA 4,X
3178   6A1D B7 4F 36            STAA MOVEN
3179   6A20 A6 03               LDAA 3,X
3180   6A22 B7 4F 30            STAA PIECE
3181   6A25 A6 05               LDAA 5,X
3182   6A27 CE 4F 80            LDX #PROMOTED
3183   6A2A F6 4F 30            LDAB PIECE
3184   6A2D 3A                  ABX
3185   6A2E A7 00               STAA 0,X
3186   6A30 BD 6A 8D            JSR RESTORE_VALUE
3187   6A33 FE 6B 56            LDX UPTR
3188   6A36 E6 03               LDAB 3,X
3189   6A38 A6 02               LDAA 2,X
3190   6A3A CE 4E D0            LDX #BOARD
3191   6A3D 3A                  ABX
3192   6A3E A7 00               STAA 0,X
3193   6A40 FE 6B 56            LDX UPTR
3194   6A43 E6 01               LDAB 1,X
3195   6A45 A6 00               LDAA 0,X
3196   6A47 B7 4F 31            STAA SQUARE
3197   6A4A F7 6B 4D            STAB VX
3198   6A4D C1 FF               CMPB #$FF
3199   6A4F 27 08               BEQ U_NOCAP
3200   6A51 A6 0B               LDAA 11,X
3201   6A53 CE 4E D0            LDX #BOARD
3202   6A56 3A                  ABX
3203   6A57 A7 00               STAA 0,X
3204   6A59             U_NOCAP:
3205   6A59 BD 6E C0            JSR RULES_UNDO
3206   6A5C B6 4F 31            LDAA SQUARE
3207   6A5F 4D                  TSTA
3208   6A60 BD 68 C7            JSR H_NZ
3209   6A63 B7 6B 4C            STAA VA
3210   6A66 39                  RTS
3211   6A67             
3212   6A67             UPDATE_PROMOTION:
3213   6A67 B6 70 34            LDAA FULLRULES
3214   6A6A 27 20               BEQ PR_DONE
3215   6A6C F6 4F 30            LDAB PIECE
3216   6A6F C1 08               CMPB #8
3217   6A71 25 19               BCS PR_DONE
3218   6A73 CE 4F 80            LDX #PROMOTED
3219   6A76 3A                  ABX
3220   6A77 A6 00               LDAA 0,X
3221   6A79 26 11               BNE PR_DONE
3222   6A7B B6 4F 31            LDAA SQUARE
3223   6A7E 84 70               ANDA #$70
3224   6A80 81 70               CMPA #$70
3225   6A82 26 08               BNE PR_DONE
3226   6A84 B6 70 3B            LDAA PROMCHOICE
3227   6A87 A7 00               STAA 0,X
3228   6A89 BD 6A 8D            JSR RESTORE_VALUE
3229   6A8C 39          PR_DONE: RTS
3230   6A8D             RESTORE_VALUE:
3231   6A8D F6 4F 30            LDAB PIECE
3232   6A90 C1 08               CMPB #8
3233   6A92 25 15               BCS RV_DONE
3234   6A94 CE 4F 80            LDX #PROMOTED
3235   6A97 3A                  ABX
3236   6A98 A6 00               LDAA 0,X
3237   6A9A 37                  PSHB
3238   6A9B 16                  TAB
3239   6A9C CE 70 2A            LDX #PROMOVALS
3240   6A9F 3A                  ABX
3241   6AA0 A6 00               LDAA 0,X
3242   6AA2 33                  PULB
3243   6AA3 CE 4F A0            LDX #POINTVAL
3244   6AA6 3A                  ABX
3245   6AA7 A7 00               STAA 0,X
3246   6AA9 39          RV_DONE: RTS
3247   6AAA             SWAP_PROMOTIONS:
3248   6AAA CE 4F 80            LDX #PROMOTED
3249   6AAD C6 10               LDAB #16
3250   6AAF             SP_LOOP:
3251   6AAF A6 00               LDAA 0,X
3252   6AB1 36                  PSHA
3253   6AB2 A6 10               LDAA 16,X
3254   6AB4 A7 00               STAA 0,X
3255   6AB6 32                  PULA
3256   6AB7 A7 10               STAA 16,X
3257   6AB9 08                  INX
3258   6ABA 5A                  DECB
3259   6ABB 26 F2               BNE SP_LOOP
3260   6ABD CE 4F A0            LDX #POINTVAL
3261   6AC0 C6 10               LDAB #16
3262   6AC2             SV_LOOP:
3263   6AC2 A6 00               LDAA 0,X
3264   6AC4 36                  PSHA
3265   6AC5 A6 10               LDAA 16,X
3266   6AC7 A7 00               STAA 0,X
3267   6AC9 32                  PULA
3268   6ACA A7 10               STAA 16,X
3269   6ACC 08                  INX
3270   6ACD 5A                  DECB
3271   6ACE 26 F2               BNE SV_LOOP
3272   6AD0 39                  RTS
3273   6AD1             
3274   6AD1             SETW:
3275   6AD1 040300070205        .BYTE $04,$03,$00,$07,$02,$05,$01,$06
3275   6AD7 0106
3276   6AD9 101711161215        .BYTE $10,$17,$11,$16,$12,$15,$14,$13
3276   6ADF 1413
3277   6AE1 747370777275        .BYTE $74,$73,$70,$77,$72,$75,$71,$76
3277   6AE7 7176
3278   6AE9 606761666265        .BYTE $60,$67,$61,$66,$62,$65,$64,$63
3278   6AEF 6463
3279   6AF1             MOVEX:
3280   6AF1 00F0FF011011        .BYTE $00, $F0, $FF, $01, $10, $11, $0F, $EF, $F1
3280   6AF7 0FEFF1
3281   6AFA DFE1EEF2120E        .BYTE $DF, $E1, $EE, $F2, $12, $0E, $1F, $21
3281   6B00 1F21
3282   6B02             POINTS:
3283   6B02 0B0A06060404        .BYTE $0B, $0A, $06, $06, $04, $04, $04, $04
3283   6B08 0404
3284   6B0A 020202020202        .BYTE $02, $02, $02, $02, $02, $02, $02, $02
3284   6B10 0202
3285   6B12             ; The unused historical OPNING table is omitted from the loaded image.
3286   6B12             ; The supplied adaptation disables it; QUICK uses BOOKLINES instead.
3287   6B12 4D6963726F43COPYRIGHT: .TEXT "MicroChess (c) 1996-2002 Peter Jennings, peterj@benlo.com"
3287   6B18 686573732028632920313939362D32303032205065746572204A656E6E696E67732C2070657465726A4062656E6C6F2E636F6D
3288   6B4B 00                  .BYTE 0
3289   6B4C 00          VA:     .BYTE 0
3290   6B4D 00          VX:     .BYTE 0
3291   6B4E 00          VY:     .BYTE 0
3292   6B4F 00          VF:     .BYTE 0
3293   6B50 00          OPERAND: .BYTE 0
3294   6B51 00          SHIFTVAL: .BYTE 0
3295   6B52 00          FLAGTMP: .BYTE 0
3296   6B53 00          FROMTEMP: .BYTE 0
3297   6B54 4E 40       DPTR:   .WORD DSTACK
3298   6B56 4C 40       UPTR:   .WORD USTACK
3299   6B58 00 00       OLDSP:  .WORD 0
3300   6B5A 00          OLDCC:  .BYTE 0
3301   6B5B 00          VALIDATING: .BYTE 0
3302   6B5C 00          VALIDMOVE: .BYTE 0
3303   6B5D 00 00       VALIDSP: .WORD 0
3304   6B5F 00          SEARCHOK: .BYTE 0
3305   6B60 00          FASTMODE: .BYTE 0
3306   6B61 00          INPUTLEN: .BYTE 0
3307   6B62 0000000000  INPUTBUF: .FILL 5,0
3308   6B67 00          WANTPIECE: .BYTE 0
3309   6B68 00          WANTFROM: .BYTE 0
3310   6B69 00          WANTTO: .BYTE 0
3311   6B6A 00          FIRSTPIECE: .BYTE 0
3312   6B6B 00          FIRSTTO: .BYTE 0
3313   6B6C 00          GAMEOVER: .BYTE 0
3314   6B6D 00          TURNCOUNT: .BYTE 0
3315   6B6E 00          LASTFROM: .BYTE 0
3316   6B6F 00          LASTTO: .BYTE 0
3317   6B70 00          UITMP: .BYTE 0
3318   6B71 00          UIROW: .BYTE 0
3319   6B72 00          UICOL: .BYTE 0
3320   6B73 00          UISQUARE: .BYTE 0
3321   6B74 00          UIPIECE: .BYTE 0
3322   6B75 00          SQUAREBG: .BYTE 0
3323   6B76 00 00       SCREENPTR: .WORD 0
3324   6B78 00 00       TEXTSOURCE: .WORD 0
3325   6B7A             GLYPHMASK .EQU $4E9A
3326   6B7A             GLYPHWHITE .EQU $4E9C
3327   6B7A             VMEM .EQU $4E80             ; Cleared by NEWGAME; originally a loaded 256-byte page
3328   6B7A             PROMOTED .EQU $4F80         ; 32 promotion types
3329   6B7A             POINTVAL .EQU $4FA0         ; 32 values initialized from POINTS by NEWGAME
3330   6B7A             BOOKPATH .EQU VMEM          ; First four canonical moves (8 bytes)
3331   6B7A             BOOKPLY .EQU VMEM+8
3332   6B7A             BOOKOFFSET .EQU VMEM+9
3333   6B7A             BOOKINDEX .EQU VMEM+10
3334   6B7A             BOOKROWS .EQU VMEM+11
3335   6B7A             BOOKPTR .EQU VMEM+12
3336   6B7A             BOOKBYTE .EQU VMEM+14
3337   6B7A             QUICKSCAN .EQU VMEM+15
3338   6B7A             QSCORE .EQU VMEM+16
3339   6B7A             QBEST .EQU VMEM+18
3340   6B7A             QVALUE .EQU VMEM+20
3341   6B7A             QTYPE .EQU VMEM+22
3342   6B7A             QFROM .EQU VMEM+23
3343   6B7A             BOOKHIT .EQU VMEM+24
3344   6B7A             TILECACHE .EQU $4C00         ; 64 visual keys: type, color and highlight
3345   6B7A             USTACK .EQU $4C40            ; 512-byte undo storage in reserved low RAM
3346   6B7A             DSTACK .EQU $4E40            ; 64-byte virtual data stack
3347   6B7A 01          DRAWFULL: .BYTE 1
3348   6B7B 80          PADEND: .BYTE 128
3349   6B7C 00          AUTOMODE: .BYTE 0            ; 0 normal, 1 self-play, 2 paused
3350   6B7D 00          AUTOSIDE: .BYTE 0            ; Next side: 0 White, 1 Black
3351   6B7E 00          AUTOTICKS: .BYTE 0
3352   6B7F 53454C462050AUTO_WHITE: .TEXT "SELF PLAY WHITE"
3352   6B85 4C4159205748495445
3353   6B8E 00                  .BYTE 0
3354   6B8F 53454C462050AUTO_BLACK: .TEXT "SELF PLAY BLACK"
3354   6B95 4C415920424C41434B
3355   6B9E 00                  .BYTE 0
3356   6B9F 504155534544AUTO_PAUSED: .TEXT "PAUSED: "
3356   6BA5 3A20
3357   6BA7 00                  .BYTE 0
3358   6BA8 53454C462050MSG_AUTO_THINK: .TEXT "SELF PLAY THINKING"
3358   6BAE 4C4159205448494E4B494E47
3359   6BBA 00                  .BYTE 0
3360   6BBB 424C41434B20MSG_BLACKTURN: .TEXT "BLACK TO MOVE - PRESS Z"
3360   6BC1 544F204D4F5645202D205052455353205A
3361   6BD2 00                  .BYTE 0
3362   6BD3             
3363   6BD3             BOARD .EQU VMEM+$50
3364   6BD3             BK .EQU VMEM+$60
3365   6BD3             PIECE .EQU VMEM+$B0
3366   6BD3             SQUARE .EQU VMEM+$B1
3367   6BD3             SP2 .EQU VMEM+$B2
3368   6BD3             SP1 .EQU VMEM+$B3
3369   6BD3             INCHEK .EQU VMEM+$B4
3370   6BD3             STATE .EQU VMEM+$B5
3371   6BD3             MOVEN .EQU VMEM+$B6
3372   6BD3             REV .EQU VMEM+$B7
3373   6BD3             OMOVE .EQU VMEM+$DC
3374   6BD3             WCAP0 .EQU VMEM+$DD
3375   6BD3             COUNT .EQU VMEM+$DE
3376   6BD3             BCAP2 .EQU VMEM+$DE
3377   6BD3             WCAP2 .EQU VMEM+$DF
3378   6BD3             BCAP1 .EQU VMEM+$E0
3379   6BD3             WCAP1 .EQU VMEM+$E1
3380   6BD3             BCAP0 .EQU VMEM+$E2
3381   6BD3             MOB .EQU VMEM+$E3
3382   6BD3             MAXC .EQU VMEM+$E4
3383   6BD3             CC .EQU VMEM+$E5
3384   6BD3             PCAP .EQU VMEM+$E6
3385   6BD3             BMOB .EQU VMEM+$E3
3386   6BD3             BMAXC .EQU VMEM+$E4
3387   6BD3             BMCC .EQU VMEM+$E5
3388   6BD3             BMAXP .EQU VMEM+$E6
3389   6BD3             XMAXC .EQU VMEM+$E8
3390   6BD3             WMOB .EQU VMEM+$EB
3391   6BD3             WMAXC .EQU VMEM+$EC
3392   6BD3             WCC .EQU VMEM+$ED
3393   6BD3             WMAXP .EQU VMEM+$EE
3394   6BD3             PMOB .EQU VMEM+$EF
3395   6BD3             PMAXC .EQU VMEM+$F0
3396   6BD3             PCC .EQU VMEM+$F1
3397   6BD3             PCP .EQU VMEM+$F2
3398   6BD3             OLDKY .EQU VMEM+$F3
3399   6BD3             BESTP .EQU VMEM+$FB
3400   6BD3             BESTV .EQU VMEM+$FA
3401   6BD3             BESTM .EQU VMEM+$F9
3402   6BD3             DIS1 .EQU VMEM+$FB
3403   6BD3             DIS2 .EQU VMEM+$FA
3404   6BD3             DIS3 .EQU VMEM+$F9
3405   6BD3             temp .EQU VMEM+$FC
3406   6BD3             
3407   6BD3             ; Native attack detector. Preserves all virtual engine registers and BOARD.
3408   6BD3             ; A=1 if the side in BOARD[0..15] is in check, otherwise zero.
3409   6BD3             NATIVE_CHECK:
3410   6BD3 B6 4E D0            LDAA BOARD
3411   6BD6 B7 6D 0E            STAA TARGETKING
3412   6BD9             NATIVE_ATTACK:
3413   6BD9 BD 8D B4            JSR BUILD_OCCUPANCY
3414   6BDC 86 10               LDAA #16
3415   6BDE B7 6D 0F            STAA ATTACKPIECE
3416   6BE1             NC_PIECE:
3417   6BE1 F6 6D 0F            LDAB ATTACKPIECE
3418   6BE4 CE 4E D0            LDX #BOARD
3419   6BE7 3A                  ABX
3420   6BE8 A6 00               LDAA 0,X
3421   6BEA 85 88               BITA #$88
3422   6BEC 27 03               BEQ LONG_1
3423   6BEE 7E 6C 84            JMP NC_NEXT
3424   6BF1             LONG_1:
3425   6BF1 B7 6D 10            STAA ATTACKFROM
3426   6BF4 BD 6C 9C            JSR TYPE_OF
3427   6BF7 B7 6D 12            STAA ATTACKTYPE
3428   6BFA 81 01               CMPA #1
3429   6BFC 26 16               BNE NC_NOTPAWN
3430   6BFE B6 6D 0E            LDAA TARGETKING
3431   6C01 B0 6D 10            SUBA ATTACKFROM
3432   6C04 81 EF               CMPA #$EF
3433   6C06 26 03               BNE LONG_2
3434   6C08 7E 6C 96            JMP NC_FOUND
3435   6C0B             LONG_2:
3436   6C0B 81 F1               CMPA #$F1
3437   6C0D 26 03               BNE LONG_3
3438   6C0F 7E 6C 96            JMP NC_FOUND
3439   6C12             LONG_3:
3440   6C12 20 70               BRA NC_NEXT
3441   6C14             NC_NOTPAWN:
3442   6C14 7F 6D 13            CLR ATTACKDIR
3443   6C17 81 02               CMPA #2
3444   6C19 27 4E               BEQ NC_KNIGHT
3445   6C1B 81 03               CMPA #3
3446   6C1D 26 05               BNE NC_RAY
3447   6C1F 86 04               LDAA #4
3448   6C21 B7 6D 13            STAA ATTACKDIR
3449   6C24             NC_RAY:
3450   6C24 B6 6D 10            LDAA ATTACKFROM
3451   6C27 B7 6D 11            STAA ATTACKTO
3452   6C2A             NC_STEP:
3453   6C2A F6 6D 13            LDAB ATTACKDIR
3454   6C2D CE 6C E8            LDX #RAYDIRS
3455   6C30 3A                  ABX
3456   6C31 A6 00               LDAA 0,X
3457   6C33 BB 6D 11            ADDA ATTACKTO
3458   6C36 85 88               BITA #$88
3459   6C38 26 16               BNE NC_RAYNEXT
3460   6C3A B7 6D 11            STAA ATTACKTO
3461   6C3D B1 6D 0E            CMPA TARGETKING
3462   6C40 27 54               BEQ NC_FOUND
3463   6C42 F6 6D 12            LDAB ATTACKTYPE
3464   6C45 C1 06               CMPB #6
3465   6C47 27 07               BEQ NC_RAYNEXT
3466   6C49 BD 6C B5            JSR LOOKUP
3467   6C4C 81 FF               CMPA #$FF
3468   6C4E 27 DA               BEQ NC_STEP
3469   6C50             NC_RAYNEXT:
3470   6C50 7C 6D 13            INC ATTACKDIR
3471   6C53 B6 6D 13            LDAA ATTACKDIR
3472   6C56 F6 6D 12            LDAB ATTACKTYPE
3473   6C59 C1 04               CMPB #4
3474   6C5B 26 06               BNE NC_EIGHT
3475   6C5D 81 04               CMPA #4
3476   6C5F 26 C3               BNE NC_RAY
3477   6C61 20 21               BRA NC_NEXT
3478   6C63             NC_EIGHT:
3479   6C63 81 08               CMPA #8
3480   6C65 26 BD               BNE NC_RAY
3481   6C67 20 1B               BRA NC_NEXT
3482   6C69             NC_KNIGHT:
3483   6C69 F6 6D 13            LDAB ATTACKDIR
3484   6C6C CE 6C F0            LDX #JUMPDIRS
3485   6C6F 3A                  ABX
3486   6C70 A6 00               LDAA 0,X
3487   6C72 BB 6D 10            ADDA ATTACKFROM
3488   6C75 B1 6D 0E            CMPA TARGETKING
3489   6C78 27 1C               BEQ NC_FOUND
3490   6C7A 7C 6D 13            INC ATTACKDIR
3491   6C7D B6 6D 13            LDAA ATTACKDIR
3492   6C80 81 08               CMPA #8
3493   6C82 26 E5               BNE NC_KNIGHT
3494   6C84             NC_NEXT:
3495   6C84 7C 6D 0F            INC ATTACKPIECE
3496   6C87 B6 6D 0F            LDAA ATTACKPIECE
3497   6C8A 81 20               CMPA #32
3498   6C8C 27 03               BEQ LONG_0
3499   6C8E 7E 6B E1            JMP NC_PIECE
3500   6C91             LONG_0:
3501   6C91 4F                  CLRA
3502   6C92 7F 4E 99            CLR OCCUPANCYFLAG
3503   6C95 39                  RTS
3504   6C96             NC_FOUND:
3505   6C96 86 01               LDAA #1
3506   6C98 7F 4E 99            CLR OCCUPANCYFLAG
3507   6C9B 39                  RTS
3508   6C9C             ; B=piece slot, A=standard type P1/N2/B3/R4/Q5/K6.
3509   6C9C             TYPE_OF:
3510   6C9C CE 4F 80            LDX #PROMOTED
3511   6C9F 3A                  ABX
3512   6CA0 A6 00               LDAA 0,X
3513   6CA2 27 08               BEQ TO_NORMAL
3514   6CA4 16                  TAB
3515   6CA5 CE 6D 08            LDX #PROMOTYPES
3516   6CA8 3A                  ABX
3517   6CA9 A6 00               LDAA 0,X
3518   6CAB 39                  RTS
3519   6CAC             TO_NORMAL:
3520   6CAC C4 0F               ANDB #15
3521   6CAE CE 6C F8            LDX #NATIVETYPES
3522   6CB1 3A                  ABX
3523   6CB2 A6 00               LDAA 0,X
3524   6CB4 39                  RTS
3525   6CB5             ; A=square; A returns piece slot or $FF. No virtual-register changes.
3526   6CB5             LOOKUP:
3527   6CB5 B7 6D 14            STAA PROBESQ
3528   6CB8 F6 4E 99            LDAB OCCUPANCYFLAG
3529   6CBB 27 16               BEQ LU_SCAN
3530   6CBD 84 07               ANDA #7
3531   6CBF B7 6B 70            STAA UITMP
3532   6CC2 B6 6D 14            LDAA PROBESQ
3533   6CC5 84 70               ANDA #$70
3534   6CC7 44                  LSRA
3535   6CC8 BB 6B 70            ADDA UITMP
3536   6CCB 16                  TAB
3537   6CCC CE 4F C0            LDX #OCCUPANCY
3538   6CCF 3A                  ABX
3539   6CD0 A6 00               LDAA 0,X
3540   6CD2 39                  RTS
3541   6CD3             LU_SCAN:
3542   6CD3 C6 1F               LDAB #31
3543   6CD5             LU_LOOP:
3544   6CD5 CE 4E D0            LDX #BOARD
3545   6CD8 3A                  ABX
3546   6CD9 A6 00               LDAA 0,X
3547   6CDB B1 6D 14            CMPA PROBESQ
3548   6CDE 27 06               BEQ LU_FOUND
3549   6CE0 5A                  DECB
3550   6CE1 2A F2               BPL LU_LOOP
3551   6CE3 86 FF               LDAA #$FF
3552   6CE5 39                  RTS
3553   6CE6             LU_FOUND:
3554   6CE6 17                  TBA
3555   6CE7 39                  RTS
3556   6CE8 F0FF0110EF11RAYDIRS: .BYTE $F0,$FF,1,16,$EF,17,15,$F1
3556   6CEE 0FF1
3557   6CF0 DFE1EEF20E12JUMPDIRS: .BYTE $DF,$E1,$EE,$F2,14,18,31,33
3557   6CF6 1F21
3558   6CF8 060504040303NATIVETYPES: .BYTE 6,5,4,4,3,3,2,2,1,1,1,1,1,1,1,1
3558   6CFE 02020101010101010101
3559   6D08 0005040302  PROMOTYPES: .BYTE 0,5,4,3,2
3560   6D0D 00          CHECKRESULT: .BYTE 0
3561   6D0E 00          TARGETKING: .BYTE 0
3562   6D0F 00          ATTACKPIECE: .BYTE 0
3563   6D10 00          ATTACKFROM: .BYTE 0
3564   6D11 00          ATTACKTO: .BYTE 0
3565   6D12 00          ATTACKTYPE: .BYTE 0
3566   6D13 00          ATTACKDIR: .BYTE 0
3567   6D14 00          PROBESQ: .BYTE 0
3568   6D15             
3569   6D15             ; Complete-move state is saved in every 16-byte trial undo record.
3570   6D15             RULES_NEW:
3571   6D15 7F 70 35            CLR ACTIVEBLACK
3572   6D18 86 03               LDAA #3
3573   6D1A B7 70 36            STAA RIGHTSF
3574   6D1D B7 70 37            STAA RIGHTSE
3575   6D20 86 FF               LDAA #$FF
3576   6D22 B7 70 38            STAA EPTARGET
3577   6D25 86 01               LDAA #1
3578   6D27 B7 70 3B            STAA PROMCHOICE
3579   6D2A B7 70 3C            STAA WANTPROM
3580   6D2D 7F 70 39            CLR HALFMOVE
3581   6D30 7F 70 3A            CLR HALFMOVE+1
3582   6D33 39                  RTS
3583   6D34             RULES_SAVE:
3584   6D34 FE 6B 56            LDX UPTR
3585   6D37 B6 70 38            LDAA EPTARGET
3586   6D3A A7 06               STAA 6,X
3587   6D3C B6 70 36            LDAA RIGHTSF
3588   6D3F A7 07               STAA 7,X
3589   6D41 B6 70 37            LDAA RIGHTSE
3590   6D44 A7 08               STAA 8,X
3591   6D46 86 FF               LDAA #$FF
3592   6D48 A7 09               STAA 9,X
3593   6D4A B6 4F 31            LDAA SQUARE
3594   6D4D A7 0B               STAA 11,X
3595   6D4F FC 70 39            LDD HALFMOVE
3596   6D52 ED 0C               STD 12,X
3597   6D54 B6 70 3B            LDAA PROMCHOICE
3598   6D57 A7 0E               STAA 14,X
3599   6D59 39                  RTS
3600   6D5A             RULES_REVERSE:
3601   6D5A B6 70 35            LDAA ACTIVEBLACK
3602   6D5D 88 01               EORA #1
3603   6D5F B7 70 35            STAA ACTIVEBLACK
3604   6D62 B6 70 36            LDAA RIGHTSF
3605   6D65 F6 70 37            LDAB RIGHTSE
3606   6D68 F7 70 36            STAB RIGHTSF
3607   6D6B B7 70 37            STAA RIGHTSE
3608   6D6E B6 70 38            LDAA EPTARGET
3609   6D71 81 FF               CMPA #$FF
3610   6D73 27 07               BEQ RR_DONE
3611   6D75 C6 77               LDAB #$77
3612   6D77 10                  SBA
3613   6D78 40                  NEGA
3614   6D79 B7 70 38            STAA EPTARGET
3615   6D7C 39          RR_DONE: RTS
3616   6D7D             EP_CAPTURE:
3617   6D7D B6 70 34            LDAA FULLRULES
3618   6D80 27 47               BEQ EP_NO
3619   6D82 B6 4F 31            LDAA SQUARE
3620   6D85 B1 70 38            CMPA EPTARGET
3621   6D88 26 3F               BNE EP_NO
3622   6D8A F6 4F 30            LDAB PIECE
3623   6D8D C1 08               CMPB #8
3624   6D8F 25 38               BCS EP_NO
3625   6D91 C1 10               CMPB #16
3626   6D93 24 34               BCC EP_NO
3627   6D95 CE 4F 80            LDX #PROMOTED
3628   6D98 3A                  ABX
3629   6D99 A6 00               LDAA 0,X
3630   6D9B 26 2C               BNE EP_NO
3631   6D9D CE 4E D0            LDX #BOARD
3632   6DA0 3A                  ABX
3633   6DA1 B6 4F 31            LDAA SQUARE
3634   6DA4 A0 00               SUBA 0,X
3635   6DA6 81 0F               CMPA #15
3636   6DA8 27 04               BEQ EP_PROBE
3637   6DAA 81 11               CMPA #17
3638   6DAC 26 1B               BNE EP_NO
3639   6DAE             EP_PROBE:
3640   6DAE B6 4F 31            LDAA SQUARE
3641   6DB1 80 10               SUBA #16
3642   6DB3 BD 6C B5            JSR LOOKUP
3643   6DB6 81 18               CMPA #24
3644   6DB8 25 0F               BCS EP_NO
3645   6DBA 81 20               CMPA #32
3646   6DBC 24 0B               BCC EP_NO
3647   6DBE 16                  TAB
3648   6DBF CE 4F 80            LDX #PROMOTED
3649   6DC2 3A                  ABX
3650   6DC3 A6 00               LDAA 0,X
3651   6DC5 26 02               BNE EP_NO
3652   6DC7 17                  TBA                    ; captured pawn slot (24..31)
3653   6DC8 39                  RTS
3654   6DC9 86 FF       EP_NO:  LDAA #$FF
3655   6DCB 39                  RTS
3656   6DCC             ; Called after finding no normal capture, before changing the board.
3657   6DCC             MOVE_EP:
3658   6DCC BD 6D 7D            JSR EP_CAPTURE
3659   6DCF 81 FF               CMPA #$FF
3660   6DD1 27 15               BEQ ME_NONE
3661   6DD3 16                  TAB
3662   6DD4 CE 4E D0            LDX #BOARD
3663   6DD7 3A                  ABX
3664   6DD8 A6 00               LDAA 0,X
3665   6DDA FE 6B 56            LDX UPTR
3666   6DDD A7 0B               STAA 11,X
3667   6DDF 86 CC               LDAA #$CC
3668   6DE1 CE 4E D0            LDX #BOARD
3669   6DE4 3A                  ABX
3670   6DE5 A7 00               STAA 0,X
3671   6DE7 39                  RTS
3672   6DE8 C6 FF       ME_NONE: LDAB #$FF
3673   6DEA 39                  RTS
3674   6DEB             ; B=captured slot, FROMTEMP and PIECE still describe the original mover.
3675   6DEB             RULES_MOVE:
3676   6DEB F7 70 40            STAB CAPTURED_SLOT
3677   6DEE FC 70 39            LDD HALFMOVE
3678   6DF1 C3 00 01            ADDD #1
3679   6DF4 FD 70 39            STD HALFMOVE
3680   6DF7 C1 FF               CMPB #$FF              ; B was changed by LDD, use saved slot
3681   6DF9 B6 70 40            LDAA CAPTURED_SLOT
3682   6DFC 81 FF               CMPA #$FF
3683   6DFE 27 21               BEQ RM_PAWN
3684   6E00 7F 70 39            CLR HALFMOVE
3685   6E03 7F 70 3A            CLR HALFMOVE+1
3686   6E06 81 12               CMPA #18
3687   6E08 26 08               BNE RM_CAPKINGROOK
3688   6E0A B6 70 37            LDAA RIGHTSE
3689   6E0D 84 FE               ANDA #$FE
3690   6E0F B7 70 37            STAA RIGHTSE
3691   6E12             RM_CAPKINGROOK:
3692   6E12 B6 70 40            LDAA CAPTURED_SLOT
3693   6E15 81 13               CMPA #19
3694   6E17 26 08               BNE RM_PAWN
3695   6E19 B6 70 37            LDAA RIGHTSE
3696   6E1C 84 FD               ANDA #$FD
3697   6E1E B7 70 37            STAA RIGHTSE
3698   6E21             RM_PAWN:
3699   6E21 F6 4F 30            LDAB PIECE
3700   6E24 C1 08               CMPB #8
3701   6E26 25 0E               BCS RM_RIGHTS
3702   6E28 CE 4F 80            LDX #PROMOTED
3703   6E2B 3A                  ABX
3704   6E2C A6 00               LDAA 0,X
3705   6E2E 26 06               BNE RM_RIGHTS
3706   6E30 7F 70 39            CLR HALFMOVE
3707   6E33 7F 70 3A            CLR HALFMOVE+1
3708   6E36             RM_RIGHTS:
3709   6E36 86 FF               LDAA #$FF
3710   6E38 B7 70 38            STAA EPTARGET
3711   6E3B F6 4F 30            LDAB PIECE
3712   6E3E C1 08               CMPB #8
3713   6E40 25 1A               BCS RM_ROOK
3714   6E42 CE 4F 80            LDX #PROMOTED
3715   6E45 3A                  ABX
3716   6E46 A6 00               LDAA 0,X
3717   6E48 26 12               BNE RM_ROOK
3718   6E4A B6 4F 31            LDAA SQUARE
3719   6E4D B0 6B 53            SUBA FROMTEMP
3720   6E50 81 20               CMPA #32
3721   6E52 26 08               BNE RM_ROOK
3722   6E54 B6 6B 53            LDAA FROMTEMP
3723   6E57 8B 10               ADDA #16
3724   6E59 B7 70 38            STAA EPTARGET
3725   6E5C             RM_ROOK:
3726   6E5C B6 4F 30            LDAA PIECE
3727   6E5F 81 02               CMPA #2
3728   6E61 26 08               BNE RM_R3
3729   6E63 B6 70 36            LDAA RIGHTSF
3730   6E66 84 FE               ANDA #$FE
3731   6E68 B7 70 36            STAA RIGHTSF
3732   6E6B B6 4F 30    RM_R3:  LDAA PIECE
3733   6E6E 81 03               CMPA #3
3734   6E70 26 08               BNE RM_KING
3735   6E72 B6 70 36            LDAA RIGHTSF
3736   6E75 84 FD               ANDA #$FD
3737   6E77 B7 70 36            STAA RIGHTSF
3738   6E7A             RM_KING:
3739   6E7A B6 4F 30            LDAA PIECE
3740   6E7D 26 3D               BNE RM_DONE
3741   6E7F 7F 70 36            CLR RIGHTSF
3742   6E82 B6 70 34            LDAA FULLRULES
3743   6E85 27 35               BEQ RM_DONE
3744   6E87 B6 4F 31            LDAA SQUARE
3745   6E8A B0 6B 53            SUBA FROMTEMP
3746   6E8D 81 02               CMPA #2
3747   6E8F 27 08               BEQ RM_KRIGHT
3748   6E91 81 FE               CMPA #$FE
3749   6E93 26 27               BNE RM_DONE
3750   6E95 86 02               LDAA #2
3751   6E97 20 02               BRA RM_KROOK
3752   6E99             RM_KRIGHT:
3753   6E99 86 03               LDAA #3
3754   6E9B             RM_KROOK:
3755   6E9B B8 70 35            EORA ACTIVEBLACK       ; reverse board swaps left/right geometries
3756   6E9E 16                  TAB
3757   6E9F FE 6B 56            LDX UPTR
3758   6EA2 E7 09               STAB 9,X
3759   6EA4 CE 4E D0            LDX #BOARD
3760   6EA7 3A                  ABX
3761   6EA8 A6 00               LDAA 0,X
3762   6EAA FE 6B 56            LDX UPTR
3763   6EAD A7 0A               STAA 10,X
3764   6EAF B6 4F 31            LDAA SQUARE
3765   6EB2 BB 6B 53            ADDA FROMTEMP
3766   6EB5 44                  LSRA
3767   6EB6 CE 4E D0            LDX #BOARD
3768   6EB9 3A                  ABX
3769   6EBA A7 00               STAA 0,X
3770   6EBC F6 70 40    RM_DONE: LDAB CAPTURED_SLOT
3771   6EBF 39                  RTS
3772   6EC0             RULES_UNDO:
3773   6EC0 FE 6B 56            LDX UPTR
3774   6EC3 A6 06               LDAA 6,X
3775   6EC5 B7 70 38            STAA EPTARGET
3776   6EC8 A6 07               LDAA 7,X
3777   6ECA B7 70 36            STAA RIGHTSF
3778   6ECD A6 08               LDAA 8,X
3779   6ECF B7 70 37            STAA RIGHTSE
3780   6ED2 EC 0C               LDD 12,X
3781   6ED4 FD 70 39            STD HALFMOVE
3782   6ED7 A6 0E               LDAA 14,X
3783   6ED9 B7 70 3B            STAA PROMCHOICE
3784   6EDC E6 09               LDAB 9,X
3785   6EDE C1 FF               CMPB #$FF
3786   6EE0 27 08               BEQ RU_DONE
3787   6EE2 A6 0A               LDAA 10,X
3788   6EE4 CE 4E D0            LDX #BOARD
3789   6EE7 3A                  ABX
3790   6EE8 A7 00               STAA 0,X
3791   6EEA 39          RU_DONE: RTS
3792   6EEB             
3793   6EEB             ; Four promotion candidates feed the unmodified JANUS evaluator.
3794   6EEB             PROMOTION_JANUS:
3795   6EEB B6 70 3B            LDAA PROMCHOICE
3796   6EEE 36                  PSHA
3797   6EEF B6 70 34            LDAA FULLRULES
3798   6EF2 27 2C               BEQ PJ_ONCE
3799   6EF4 F6 4F 30            LDAB PIECE
3800   6EF7 C1 08               CMPB #8
3801   6EF9 25 25               BCS PJ_ONCE
3802   6EFB CE 4F 80            LDX #PROMOTED
3803   6EFE 3A                  ABX
3804   6EFF A6 00               LDAA 0,X
3805   6F01 26 1D               BNE PJ_ONCE
3806   6F03 B6 4F 31            LDAA SQUARE
3807   6F06 84 70               ANDA #$70
3808   6F08 81 70               CMPA #$70
3809   6F0A 26 14               BNE PJ_ONCE
3810   6F0C 86 01               LDAA #1
3811   6F0E B7 70 3B            STAA PROMCHOICE
3812   6F11             PJ_LOOP:
3813   6F11 BD 5D F8            JSR JANUS
3814   6F14 7C 70 3B            INC PROMCHOICE
3815   6F17 B6 70 3B            LDAA PROMCHOICE
3816   6F1A 81 05               CMPA #5
3817   6F1C 26 F3               BNE PJ_LOOP
3818   6F1E 20 03               BRA PJ_DONE
3819   6F20 BD 5D F8    PJ_ONCE: JSR JANUS
3820   6F23 32          PJ_DONE: PULA
3821   6F24 B7 70 3B            STAA PROMCHOICE
3822   6F27 39                  RTS
3823   6F28             
3824   6F28             ; Castling is generated only with rights, the original rook, an empty path,
3825   6F28             ; and an unattacked king start/transit/destination. Native trials undo fully.
3826   6F28             GENERATE_CASTLES:
3827   6F28 B6 70 34            LDAA FULLRULES
3828   6F2B 26 03               BNE LONG_7
3829   6F2D 7E 70 19            JMP GC_DONE
3830   6F30             LONG_7:
3831   6F30 B6 4F 35            LDAA STATE
3832   6F33 2A 03               BPL LONG_8
3833   6F35 7E 70 19            JMP GC_DONE
3834   6F38             LONG_8:
3835   6F38 7F 70 41            CLR CASTLEITER
3836   6F3B             GC_LOOP:
3837   6F3B F6 70 41            LDAB CASTLEITER
3838   6F3E CE 70 1A            LDX #CASTLEBITS
3839   6F41 3A                  ABX
3840   6F42 A6 00               LDAA 0,X
3841   6F44 B4 70 36            ANDA RIGHTSF
3842   6F47 26 03               BNE LONG_9
3843   6F49 7E 70 0C            JMP GC_NEXT
3844   6F4C             LONG_9:
3845   6F4C F6 70 35            LDAB ACTIVEBLACK
3846   6F4F 58                  ASLB
3847   6F50 FB 70 41            ADDB CASTLEITER
3848   6F53 F7 70 42            STAB CASTLEINDEX
3849   6F56 CE 70 1E            LDX #CASTLESTART
3850   6F59 3A                  ABX
3851   6F5A A6 00               LDAA 0,X
3852   6F5C B1 4E D0            CMPA BOARD
3853   6F5F 27 03               BEQ LONG_10
3854   6F61 7E 70 0C            JMP GC_NEXT
3855   6F64             LONG_10:
3856   6F64 B7 70 43            STAA CASTLEFROM
3857   6F67 CE 70 22            LDX #CASTLEROOK
3858   6F6A 3A                  ABX
3859   6F6B A6 00               LDAA 0,X
3860   6F6D B7 70 44            STAA CASTLERHOME
3861   6F70 BD 6C B5            JSR LOOKUP
3862   6F73 F6 70 41            LDAB CASTLEITER
3863   6F76 CE 70 1C            LDX #CASTLESLOT
3864   6F79 3A                  ABX
3865   6F7A A1 00               CMPA 0,X
3866   6F7C 27 03               BEQ LONG_11
3867   6F7E 7E 70 0C            JMP GC_NEXT
3868   6F81             LONG_11:
3869   6F81 BD 6B D3            JSR NATIVE_CHECK
3870   6F84 4D                  TSTA
3871   6F85 27 03               BEQ LONG_12
3872   6F87 7E 70 0C            JMP GC_NEXT
3873   6F8A             LONG_12:
3874   6F8A F6 70 42            LDAB CASTLEINDEX
3875   6F8D CE 70 26            LDX #CASTLETO
3876   6F90 3A                  ABX
3877   6F91 A6 00               LDAA 0,X
3878   6F93 B7 70 45            STAA CASTLEDEST
3879   6F96 B0 70 43            SUBA CASTLEFROM
3880   6F99 86 01               LDAA #1
3881   6F9B F6 70 45            LDAB CASTLEDEST
3882   6F9E F1 70 43            CMPB CASTLEFROM
3883   6FA1 22 02               BHI GC_DIRECTION
3884   6FA3 86 FF               LDAA #$FF
3885   6FA5             GC_DIRECTION:
3886   6FA5 B7 70 46            STAA CASTLESTEP
3887   6FA8 B6 70 43            LDAA CASTLEFROM
3888   6FAB             GC_PATH:
3889   6FAB BB 70 46            ADDA CASTLESTEP
3890   6FAE B1 70 44            CMPA CASTLERHOME
3891   6FB1 27 0F               BEQ GC_TRANSIT
3892   6FB3 B7 70 47            STAA CASTLEPATH
3893   6FB6 BD 6C B5            JSR LOOKUP
3894   6FB9 81 FF               CMPA #$FF
3895   6FBB 26 4F               BNE GC_NEXT
3896   6FBD B6 70 47            LDAA CASTLEPATH
3897   6FC0 20 E9               BRA GC_PATH
3898   6FC2             GC_TRANSIT:
3899   6FC2 B6 70 43            LDAA CASTLEFROM
3900   6FC5 BB 70 46            ADDA CASTLESTEP
3901   6FC8 B7 4E D0            STAA BOARD
3902   6FCB BD 6B D3            JSR NATIVE_CHECK
3903   6FCE B7 6D 0D            STAA CHECKRESULT
3904   6FD1 B6 70 43            LDAA CASTLEFROM
3905   6FD4 B7 4E D0            STAA BOARD
3906   6FD7 B6 6D 0D            LDAA CHECKRESULT
3907   6FDA 26 30               BNE GC_NEXT
3908   6FDC 7F 4F 30            CLR PIECE
3909   6FDF 7F 4F 36            CLR MOVEN
3910   6FE2 B6 70 45            LDAA CASTLEDEST
3911   6FE5 B7 4F 31            STAA SQUARE
3912   6FE8 BD 69 96            JSR MOVE
3913   6FEB BD 6B D3            JSR NATIVE_CHECK
3914   6FEE B7 6D 0D            STAA CHECKRESULT
3915   6FF1 BD 6A 0F            JSR UMOVE
3916   6FF4 B6 6D 0D            LDAA CHECKRESULT
3917   6FF7 26 13               BNE GC_NEXT
3918   6FF9 B6 70 41            LDAA CASTLEITER
3919   6FFC 36                  PSHA
3920   6FFD 86 04               LDAA #4
3921   6FFF B7 6B 4F            STAA VF                ; CMOVE successful non-capture flags
3922   7002 7F 6B 4C            CLR VA
3923   7005 BD 5D F8            JSR JANUS
3924   7008 32                  PULA
3925   7009 B7 70 41            STAA CASTLEITER
3926   700C             GC_NEXT:
3927   700C 7C 70 41            INC CASTLEITER
3928   700F B6 70 41            LDAA CASTLEITER
3929   7012 81 02               CMPA #2
3930   7014 27 03               BEQ LONG_6
3931   7016 7E 6F 3B            JMP GC_LOOP
3932   7019             LONG_6:
3933   7019 39          GC_DONE: RTS
3934   701A 02 01       CASTLEBITS: .BYTE 2,1
3935   701C 03 02       CASTLESLOT: .BYTE 3,2
3936   701E 04 04 03 03 CASTLESTART: .BYTE 4,4,3,3
3937   7022 07 00 00 07 CASTLEROOK: .BYTE 7,0,0,7
3938   7026 06 02 01 05 CASTLETO: .BYTE 6,2,1,5
3939   702A 020A060404  PROMOVALS: .BYTE 2,10,6,4,4
3940   702F 205152424E  PROMOLETTERS: .TEXT " QRBN"
3941   7034 01          FULLRULES: .BYTE 1
3942   7035 00          ACTIVEBLACK: .BYTE 0
3943   7036 03          RIGHTSF: .BYTE 3
3944   7037 03          RIGHTSE: .BYTE 3
3945   7038 FF          EPTARGET: .BYTE $FF
3946   7039 00 00       HALFMOVE: .WORD 0
3947   703B 01          PROMCHOICE: .BYTE 1
3948   703C 01          WANTPROM: .BYTE 1
3949   703D 01          BESTPROM: .BYTE 1
3950   703E 01          FIRSTPROM: .BYTE 1
3951   703F 00          LASTPROM: .BYTE 0
3952   7040 00          CAPTURED_SLOT: .BYTE 0
3953   7041 00          CASTLEITER: .BYTE 0
3954   7042 00          CASTLEINDEX: .BYTE 0
3955   7043 00          CASTLEFROM: .BYTE 0
3956   7044 00          CASTLERHOME: .BYTE 0
3957   7045 00          CASTLEDEST: .BYTE 0
3958   7046 00          CASTLESTEP: .BYTE 0
3959   7047 00          CASTLEPATH: .BYTE 0
3960   7048             
3961   7048             
3962   7048             SMALLFONT:
3963   7048 0000000000          .BYTE 0,0,0,0,0
3964   704D 0000000000          .BYTE 0,0,0,0,0
3965   7052 0000000000          .BYTE 0,0,0,0,0
3966   7057 0000000000          .BYTE 0,0,0,0,0
3967   705C 0000000000          .BYTE 0,0,0,0,0
3968   7061 0000000000          .BYTE 0,0,0,0,0
3969   7066 0000000000          .BYTE 0,0,0,0,0
3970   706B 0000000000          .BYTE 0,0,0,0,0
3971   7070 0000000000          .BYTE 0,0,0,0,0
3972   7075 0000000000          .BYTE 0,0,0,0,0
3973   707A 0000000000          .BYTE 0,0,0,0,0
3974   707F 0000000000          .BYTE 0,0,0,0,0
3975   7084 0000000000          .BYTE 0,0,0,0,0
3976   7089 0000070000          .BYTE 0,0,7,0,0
3977   708E 0000000002          .BYTE 0,0,0,0,2
3978   7093 0101020404          .BYTE 1,1,2,4,4
3979   7098 0705050507          .BYTE 7,5,5,5,7
3980   709D 0206020207          .BYTE 2,6,2,2,7
3981   70A2 0601020407          .BYTE 6,1,2,4,7
3982   70A7 0601020106          .BYTE 6,1,2,1,6
3983   70AC 0505070101          .BYTE 5,5,7,1,1
3984   70B1 0704060106          .BYTE 7,4,6,1,6
3985   70B6 0304070507          .BYTE 3,4,7,5,7
3986   70BB 0701020202          .BYTE 7,1,2,2,2
3987   70C0 0705070507          .BYTE 7,5,7,5,7
3988   70C5 0705070106          .BYTE 7,5,7,1,6
3989   70CA 0002000200          .BYTE 0,2,0,2,0
3990   70CF 0000000000          .BYTE 0,0,0,0,0
3991   70D4 0000000000          .BYTE 0,0,0,0,0
3992   70D9 0000000000          .BYTE 0,0,0,0,0
3993   70DE 0000000000          .BYTE 0,0,0,0,0
3994   70E3 0000000000          .BYTE 0,0,0,0,0
3995   70E8 0000000000          .BYTE 0,0,0,0,0
3996   70ED 0205070505          .BYTE 2,5,7,5,5
3997   70F2 0605060506          .BYTE 6,5,6,5,6
3998   70F7 0304040403          .BYTE 3,4,4,4,3
3999   70FC 0605050506          .BYTE 6,5,5,5,6
4000   7101 0704060407          .BYTE 7,4,6,4,7
4001   7106 0704060404          .BYTE 7,4,6,4,4
4002   710B 0304050503          .BYTE 3,4,5,5,3
4003   7110 0505070505          .BYTE 5,5,7,5,5
4004   7115 0702020207          .BYTE 7,2,2,2,7
4005   711A 0101010502          .BYTE 1,1,1,5,2
4006   711F 0505060505          .BYTE 5,5,6,5,5
4007   7124 0404040407          .BYTE 4,4,4,4,7
4008   7129 0507070505          .BYTE 5,7,7,5,5
4009   712E 0507070705          .BYTE 5,7,7,7,5
4010   7133 0205050502          .BYTE 2,5,5,5,2
4011   7138 0605060404          .BYTE 6,5,6,4,4
4012   713D 0205050703          .BYTE 2,5,5,7,3
4013   7142 0605060505          .BYTE 6,5,6,5,5
4014   7147 0304020106          .BYTE 3,4,2,1,6
4015   714C 0702020202          .BYTE 7,2,2,2,2
4016   7151 0505050507          .BYTE 5,5,5,5,7
4017   7156 0505050502          .BYTE 5,5,5,5,2
4018   715B 0505070705          .BYTE 5,5,7,7,5
4019   7160 0505020505          .BYTE 5,5,2,5,5
4020   7165 0505020202          .BYTE 5,5,2,2,2
4021   716A 0701020407          .BYTE 7,1,2,4,7
4022   716F             SPRITES:
4023   716F 183C3C1C3E7F        .BYTE 24,60,60,28,62,127,127,62,0,24,24,8,28,62,62,0
4023   7175 7F3E001818081C3E3E00
4024   717F 183C76F0383C        .BYTE 24,60,118,240,56,60,126,126,0,16,32,32,16,24,60,0
4024   7185 7E7E0010202010183C00
4025   718F 081C36221C1C        .BYTE 8,28,54,34,28,28,62,127,0,0,0,0,0,8,28,0
4025   7195 3E7F0000000000081C00
4026   719F 2A7F7F3E3E7F        .BYTE 42,127,127,62,62,127,127,62,0,42,62,28,28,62,62,0
4026   71A5 7F3E002A3E1C1C3E3E00
4027   71AF 2A7F7F3E3E7F        .BYTE 42,127,127,62,62,127,127,62,0,42,42,28,8,62,62,0
4027   71B5 7F3E002A2A1C083E3E00
4028   71BF 081C3E1C3E7F        .BYTE 8,28,62,28,62,127,127,62,0,8,28,8,28,62,62,0
4028   71C5 7F3E00081C081C3E3E00
4029   71CF             ; 5x7 P/N/B/R/Q/K glyphs in an 8x8 tile. White mask is complement of ink.
4030   71CF             LETTERSPRITES:
4031   71CF 87BBBB87BFBF        .BYTE 135,187,187,135,191,191,191,255 ; P
4031   71D5 BFFF
4032   71D7 BB9B9BABB3B3        .BYTE 187,155,155,171,179,179,187,255 ; N
4032   71DD BBFF
4033   71DF 87BBBB87BBBB        .BYTE 135,187,187,135,187,187,135,255 ; B
4033   71E5 87FF
4034   71E7 87BBBB87AFB7        .BYTE 135,187,187,135,175,183,187,255 ; R
4034   71ED BBFF
4035   71EF C7BBBBBBABB7        .BYTE 199,187,187,187,171,183,203,255 ; Q
4035   71F5 CBFF
4036   71F7 BBB7AF9FAFB7        .BYTE 187,183,175,159,175,183,187,255 ; K
4036   71FD BBFF
4037   71FF             SCREENBACKUP .EQU $4600
4038   71FF             
4039   71FF             ; Exact repetition records: 32 packed board bytes + rights + effective EP + turn.
4040   71FF             ; 151 positions cover the complete 75-move reversible window, without hashing.
4041   71FF             HISTORY_NEW:
4042   71FF 7F 74 CA            CLR HISTORYCOUNT
4043   7202 7F 74 C9            CLR NEXTSIDE
4044   7205 7F 74 CF            CLR DRAW_AVAILABLE
4045   7208 7F 74 D0            CLR AUTODRAW
4046   720B BD 72 DC            JSR BUILD_POSITION
4047   720E 7E 72 B8            JMP HIST_APPEND
4048   7211             RECORD_POSITION:
4049   7211 BD 8B EB            JSR BOOK_RECORD
4050   7214 B6 70 34            LDAA FULLRULES
4051   7217 26 03               BNE LONG_17
4052   7219 7E 72 DB            JMP HP_DONE
4053   721C             LONG_17:
4054   721C B6 70 35            LDAA ACTIVEBLACK
4055   721F 88 01               EORA #1
4056   7221 48                  ASLA
4057   7222 48                  ASLA
4058   7223 48                  ASLA
4059   7224 48                  ASLA
4060   7225 B7 74 C9            STAA NEXTSIDE
4061   7228 FC 70 39            LDD HALFMOVE
4062   722B 26 03               BNE HP_KEEP
4063   722D 7F 74 CA            CLR HISTORYCOUNT
4064   7230             HP_KEEP:
4065   7230 BD 72 DC            JSR BUILD_POSITION
4066   7233             HP_TEST:
4067   7233 7F 74 CF            CLR DRAW_AVAILABLE
4068   7236 7F 74 D0            CLR AUTODRAW
4069   7239 86 01               LDAA #1
4070   723B B7 74 CE            STAA REPEATS
4071   723E 7F 74 CB            CLR HISTORYINDEX
4072   7241 CE 75 0D            LDX #HISTORY
4073   7244 FF 74 CC            STX HISTORYPTR
4074   7247             HP_LOOP:
4075   7247 B6 74 CB            LDAA HISTORYINDEX
4076   724A B1 74 CA            CMPA HISTORYCOUNT
4077   724D 27 27               BEQ HP_COUNTS
4078   724F 5F                  CLRB
4079   7250             HP_COMPARE:
4080   7250 FE 74 CC            LDX HISTORYPTR
4081   7253 3A                  ABX
4082   7254 A6 00               LDAA 0,X
4083   7256 36                  PSHA
4084   7257 CE 74 DD            LDX #POSITIONBUF
4085   725A 3A                  ABX
4086   725B 32                  PULA
4087   725C A1 00               CMPA 0,X
4088   725E 26 08               BNE HP_NEXT
4089   7260 5C                  INCB
4090   7261 C1 22               CMPB #34
4091   7263 26 EB               BNE HP_COMPARE
4092   7265 7C 74 CE            INC REPEATS
4093   7268             HP_NEXT:
4094   7268 FC 74 CC            LDD HISTORYPTR
4095   726B C3 00 22            ADDD #34
4096   726E FD 74 CC            STD HISTORYPTR
4097   7271 7C 74 CB            INC HISTORYINDEX
4098   7274 20 D1               BRA HP_LOOP
4099   7276             HP_COUNTS:
4100   7276 B6 74 CE            LDAA REPEATS
4101   7279 81 03               CMPA #3
4102   727B 25 11               BCS HP_FIFTY
4103   727D 86 01               LDAA #1
4104   727F B7 74 CF            STAA DRAW_AVAILABLE
4105   7282 B6 74 CE            LDAA REPEATS
4106   7285 81 05               CMPA #5
4107   7287 25 05               BCS HP_FIFTY
4108   7289 86 01               LDAA #1
4109   728B B7 74 D0            STAA AUTODRAW
4110   728E             HP_FIFTY:
4111   728E FC 70 39            LDD HALFMOVE
4112   7291 4D                  TSTA
4113   7292 26 13               BNE HP_SEVENTYFIVE
4114   7294 C1 64               CMPB #100
4115   7296 25 14               BCS HP_APPEND
4116   7298 B6 74 CF            LDAA DRAW_AVAILABLE
4117   729B 8A 02               ORAA #2
4118   729D B7 74 CF            STAA DRAW_AVAILABLE
4119   72A0 F6 70 3A            LDAB HALFMOVE+1
4120   72A3 C1 96               CMPB #150
4121   72A5 25 05               BCS HP_APPEND
4122   72A7             HP_SEVENTYFIVE:
4123   72A7 86 01               LDAA #1
4124   72A9 B7 74 D0            STAA AUTODRAW
4125   72AC             HP_APPEND:
4126   72AC B6 89 55            LDAA NO_APPEND
4127   72AF 26 2A               BNE HP_DONE
4128   72B1 B6 74 CA            LDAA HISTORYCOUNT
4129   72B4 81 97               CMPA #151
4130   72B6 24 23               BCC HP_DONE
4131   72B8             HIST_APPEND:
4132   72B8 B6 74 CA            LDAA HISTORYCOUNT
4133   72BB C6 22               LDAB #34
4134   72BD 3D                  MUL
4135   72BE C3 75 0D            ADDD #HISTORY
4136   72C1 FD 74 CC            STD HISTORYPTR
4137   72C4 5F                  CLRB
4138   72C5             HA_COPY:
4139   72C5 CE 74 DD            LDX #POSITIONBUF
4140   72C8 3A                  ABX
4141   72C9 A6 00               LDAA 0,X
4142   72CB 36                  PSHA
4143   72CC FE 74 CC            LDX HISTORYPTR
4144   72CF 3A                  ABX
4145   72D0 32                  PULA
4146   72D1 A7 00               STAA 0,X
4147   72D3 5C                  INCB
4148   72D4 C1 22               CMPB #34
4149   72D6 26 ED               BNE HA_COPY
4150   72D8 7C 74 CA            INC HISTORYCOUNT
4151   72DB 39          HP_DONE: RTS
4152   72DC             BUILD_POSITION:
4153   72DC CE 74 DD            LDX #POSITIONBUF
4154   72DF 4F                  CLRA
4155   72E0             BP_CLEAR:
4156   72E0 A7 00               STAA 0,X
4157   72E2 08                  INX
4158   72E3 8C 74 FF            CPX #POSITIONBUF+34
4159   72E6 26 F8               BNE BP_CLEAR
4160   72E8 7F 74 D1            CLR POSITIONPIECE
4161   72EB             BP_PIECE:
4162   72EB F6 74 D1            LDAB POSITIONPIECE
4163   72EE CE 4E D0            LDX #BOARD
4164   72F1 3A                  ABX
4165   72F2 A6 00               LDAA 0,X
4166   72F4 85 88               BITA #$88
4167   72F6 26 58               BNE BP_NEXT
4168   72F8 F6 70 35            LDAB ACTIVEBLACK
4169   72FB 27 02               BEQ BP_CANONICAL
4170   72FD 88 77               EORA #$77
4171   72FF             BP_CANONICAL:
4172   72FF B7 74 D2            STAA POSITIONSQUARE
4173   7302 84 70               ANDA #$70
4174   7304 44                  LSRA
4175   7305 44                  LSRA
4176   7306 B7 74 D3            STAA POSITIONBYTE
4177   7309 B6 74 D2            LDAA POSITIONSQUARE
4178   730C 84 07               ANDA #7
4179   730E 44                  LSRA
4180   730F BB 74 D3            ADDA POSITIONBYTE
4181   7312 B7 74 D3            STAA POSITIONBYTE
4182   7315 F6 74 D1            LDAB POSITIONPIECE
4183   7318 BD 6C 9C            JSR TYPE_OF
4184   731B B7 74 D4            STAA POSITIONVALUE
4185   731E B6 74 D1            LDAA POSITIONPIECE
4186   7321 44                  LSRA
4187   7322 44                  LSRA
4188   7323 44                  LSRA
4189   7324 44                  LSRA
4190   7325 B8 70 35            EORA ACTIVEBLACK
4191   7328 27 08               BEQ BP_WHITE
4192   732A B6 74 D4            LDAA POSITIONVALUE
4193   732D 8A 08               ORAA #8
4194   732F B7 74 D4            STAA POSITIONVALUE
4195   7332             BP_WHITE:
4196   7332 B6 74 D2            LDAA POSITIONSQUARE
4197   7335 85 01               BITA #1
4198   7337 26 09               BNE BP_LOW_NIBBLE
4199   7339 B6 74 D4            LDAA POSITIONVALUE
4200   733C 48                  ASLA
4201   733D 48                  ASLA
4202   733E 48                  ASLA
4203   733F 48                  ASLA
4204   7340 20 03               BRA BP_NIBBLE
4205   7342             BP_LOW_NIBBLE:
4206   7342 B6 74 D4            LDAA POSITIONVALUE
4207   7345             BP_NIBBLE:
4208   7345 F6 74 D3            LDAB POSITIONBYTE
4209   7348 CE 74 DD            LDX #POSITIONBUF
4210   734B 3A                  ABX
4211   734C AA 00               ORAA 0,X
4212   734E A7 00               STAA 0,X
4213   7350             BP_NEXT:
4214   7350 7C 74 D1            INC POSITIONPIECE
4215   7353 B6 74 D1            LDAA POSITIONPIECE
4216   7356 81 20               CMPA #32
4217   7358 26 91               BNE BP_PIECE
4218   735A B6 70 35            LDAA ACTIVEBLACK
4219   735D 27 08               BEQ BP_NORMAL_RIGHTS
4220   735F B6 70 37            LDAA RIGHTSE
4221   7362 F6 70 36            LDAB RIGHTSF
4222   7365 20 06               BRA BP_RIGHTS
4223   7367             BP_NORMAL_RIGHTS:
4224   7367 B6 70 36            LDAA RIGHTSF
4225   736A F6 70 37            LDAB RIGHTSE
4226   736D             BP_RIGHTS:
4227   736D 58                  ASLB
4228   736E 58                  ASLB
4229   736F 1B                  ABA
4230   7370 BA 74 C9            ORAA NEXTSIDE
4231   7373 B7 74 FD            STAA POSITIONBUF+32
4232   7376 BD 73 7D            JSR EFFECTIVE_EP
4233   7379 B7 74 FE            STAA POSITIONBUF+33
4234   737C 39                  RTS
4235   737D             ; EP changes repetition identity only when the next side has a legal EP move.
4236   737D             EFFECTIVE_EP:
4237   737D B6 70 38            LDAA EPTARGET
4238   7380 81 FF               CMPA #$FF
4239   7382 26 03               BNE LONG_18
4240   7384 7E 74 39            JMP EE_DONE
4241   7387             LONG_18:
4242   7387 B6 4F 30            LDAA PIECE
4243   738A 36                  PSHA
4244   738B B6 4F 31            LDAA SQUARE
4245   738E 36                  PSHA
4246   738F B6 4F 36            LDAA MOVEN
4247   7392 36                  PSHA
4248   7393 B6 6B 4C            LDAA VA
4249   7396 36                  PSHA
4250   7397 B6 6B 4D            LDAA VX
4251   739A 36                  PSHA
4252   739B B6 6B 4E            LDAA VY
4253   739E 36                  PSHA
4254   739F B6 6B 4F            LDAA VF
4255   73A2 36                  PSHA
4256   73A3 BD 63 63            JSR REVERSE
4257   73A6 7F 74 D5            CLR EPVALID
4258   73A9 7F 74 D6            CLR EPITER
4259   73AC             EE_TRY:
4260   73AC B6 70 38            LDAA EPTARGET
4261   73AF F6 74 D6            LDAB EPITER
4262   73B2 27 04               BEQ EE_LEFT
4263   73B4 80 0F               SUBA #15
4264   73B6 20 02               BRA EE_LOOK
4265   73B8 80 11       EE_LEFT: SUBA #17
4266   73BA             EE_LOOK:
4267   73BA 85 88               BITA #$88
4268   73BC 26 3B               BNE EE_NEXT
4269   73BE BD 6C B5            JSR LOOKUP
4270   73C1 81 08               CMPA #8
4271   73C3 25 34               BCS EE_NEXT
4272   73C5 81 10               CMPA #16
4273   73C7 24 30               BCC EE_NEXT
4274   73C9 B7 4F 30            STAA PIECE
4275   73CC 16                  TAB
4276   73CD CE 4F 80            LDX #PROMOTED
4277   73D0 3A                  ABX
4278   73D1 A6 00               LDAA 0,X
4279   73D3 26 24               BNE EE_NEXT
4280   73D5 B6 70 38            LDAA EPTARGET
4281   73D8 B7 4F 31            STAA SQUARE
4282   73DB 86 05               LDAA #5
4283   73DD BB 74 D6            ADDA EPITER
4284   73E0 B7 4F 36            STAA MOVEN
4285   73E3 BD 69 96            JSR MOVE
4286   73E6 BD 6B D3            JSR NATIVE_CHECK
4287   73E9 B7 6D 0D            STAA CHECKRESULT
4288   73EC BD 6A 0F            JSR UMOVE
4289   73EF B6 6D 0D            LDAA CHECKRESULT
4290   73F2 26 05               BNE EE_NEXT
4291   73F4 7C 74 D5            INC EPVALID
4292   73F7 20 0A               BRA EE_FINISH
4293   73F9             EE_NEXT:
4294   73F9 7C 74 D6            INC EPITER
4295   73FC B6 74 D6            LDAA EPITER
4296   73FF 81 02               CMPA #2
4297   7401 26 A9               BNE EE_TRY
4298   7403             EE_FINISH:
4299   7403 BD 63 63            JSR REVERSE
4300   7406 86 FF               LDAA #$FF
4301   7408 F6 74 D5            LDAB EPVALID
4302   740B 27 0A               BEQ EE_STORE
4303   740D B6 70 38            LDAA EPTARGET
4304   7410 F6 70 35            LDAB ACTIVEBLACK
4305   7413 27 02               BEQ EE_STORE
4306   7415 88 77               EORA #$77
4307   7417             EE_STORE:
4308   7417 B7 74 D7            STAA EPHASH
4309   741A 32                  PULA
4310   741B B7 6B 4F            STAA VF
4311   741E 32                  PULA
4312   741F B7 6B 4E            STAA VY
4313   7422 32                  PULA
4314   7423 B7 6B 4D            STAA VX
4315   7426 32                  PULA
4316   7427 B7 6B 4C            STAA VA
4317   742A 32                  PULA
4318   742B B7 4F 36            STAA MOVEN
4319   742E 32                  PULA
4320   742F B7 4F 31            STAA SQUARE
4321   7432 32                  PULA
4322   7433 B7 4F 30            STAA PIECE
4323   7436 B6 74 D7            LDAA EPHASH
4324   7439 39          EE_DONE: RTS
4325   743A             ; Insufficient material recognizes bare kings, K+minor vs K, and bishops
4326   743A             ; only on one square color. Two knights and opposite-color bishops remain live.
4327   743A             DEAD_POSITION:
4328   743A 7F 74 D8            CLR MINORS
4329   743D 7F 74 D9            CLR KNIGHTS
4330   7440 86 FF               LDAA #$FF
4331   7442 B7 74 DA            STAA BISHOPCOLOR
4332   7445 7F 74 DB            CLR DEADPIECE
4333   7448             DP_LOOP:
4334   7448 F6 74 DB            LDAB DEADPIECE
4335   744B CE 4E D0            LDX #BOARD
4336   744E 3A                  ABX
4337   744F A6 00               LDAA 0,X
4338   7451 85 88               BITA #$88
4339   7453 26 39               BNE DP_NEXT
4340   7455 B7 74 DC            STAA DEADSQUARE
4341   7458 BD 6C 9C            JSR TYPE_OF
4342   745B 81 06               CMPA #6
4343   745D 27 2F               BEQ DP_NEXT
4344   745F 81 01               CMPA #1
4345   7461 27 44               BEQ DP_LIVE
4346   7463 81 04               CMPA #4
4347   7465 24 40               BCC DP_LIVE
4348   7467 7C 74 D8            INC MINORS
4349   746A 81 02               CMPA #2
4350   746C 26 05               BNE DP_BISHOP
4351   746E 7C 74 D9            INC KNIGHTS
4352   7471 20 1B               BRA DP_NEXT
4353   7473             DP_BISHOP:
4354   7473 B6 74 DC            LDAA DEADSQUARE
4355   7476 44                  LSRA
4356   7477 44                  LSRA
4357   7478 44                  LSRA
4358   7479 44                  LSRA
4359   747A B8 74 DC            EORA DEADSQUARE
4360   747D 84 01               ANDA #1
4361   747F F6 74 DA            LDAB BISHOPCOLOR
4362   7482 C1 FF               CMPB #$FF
4363   7484 27 05               BEQ DP_SET_COLOR
4364   7486 B1 74 DA            CMPA BISHOPCOLOR
4365   7489 26 1C               BNE DP_LIVE
4366   748B             DP_SET_COLOR:
4367   748B B7 74 DA            STAA BISHOPCOLOR
4368   748E             DP_NEXT:
4369   748E 7C 74 DB            INC DEADPIECE
4370   7491 B6 74 DB            LDAA DEADPIECE
4371   7494 81 20               CMPA #32
4372   7496 26 B0               BNE DP_LOOP
4373   7498 B6 74 D8            LDAA MINORS
4374   749B 81 02               CMPA #2
4375   749D 25 05               BCS DP_DEAD
4376   749F B6 74 D9            LDAA KNIGHTS
4377   74A2 26 03               BNE DP_LIVE
4378   74A4 86 01       DP_DEAD: LDAA #1
4379   74A6 39                  RTS
4380   74A7 4F          DP_LIVE: CLRA
4381   74A8 39                  RTS
4382   74A9             CHECK_DRAW:
4383   74A9 B6 70 34            LDAA FULLRULES
4384   74AC 27 1A               BEQ CD_DONE
4385   74AE BD 74 3A            JSR DEAD_POSITION
4386   74B1 4D                  TSTA
4387   74B2 26 0F               BNE CD_DRAW
4388   74B4 B6 74 D0            LDAA AUTODRAW
4389   74B7 26 0A               BNE CD_DRAW
4390   74B9 B6 70 35            LDAA ACTIVEBLACK
4391   74BC 27 0A               BEQ CD_DONE
4392   74BE B6 74 CF            LDAA DRAW_AVAILABLE     ; computer claims on its turn
4393   74C1 27 05               BEQ CD_DONE
4394   74C3             CD_DRAW:
4395   74C3 86 04               LDAA #4
4396   74C5 B7 6B 6C            STAA GAMEOVER
4397   74C8 39          CD_DONE: RTS
4398   74C9 00          NEXTSIDE: .BYTE 0
4399   74CA 00          HISTORYCOUNT: .BYTE 0
4400   74CB 00          HISTORYINDEX: .BYTE 0
4401   74CC 75 0D       HISTORYPTR: .WORD HISTORY
4402   74CE 00          REPEATS: .BYTE 0
4403   74CF 00          DRAW_AVAILABLE: .BYTE 0
4404   74D0 00          AUTODRAW: .BYTE 0
4405   74D1 00          POSITIONPIECE: .BYTE 0
4406   74D2 00          POSITIONSQUARE: .BYTE 0
4407   74D3 00          POSITIONBYTE: .BYTE 0
4408   74D4 00          POSITIONVALUE: .BYTE 0
4409   74D5 00          EPVALID: .BYTE 0
4410   74D6 00          EPITER: .BYTE 0
4411   74D7 00          EPHASH: .BYTE 0
4412   74D8 00          MINORS: .BYTE 0
4413   74D9 00          KNIGHTS: .BYTE 0
4414   74DA 00          BISHOPCOLOR: .BYTE 0
4415   74DB 00          DEADPIECE: .BYTE 0
4416   74DC 00          DEADSQUARE: .BYTE 0
4417   74DD 000000000000POSITIONBUF: .FILL 34,0
4417   74E3 00000000000000000000000000000000000000000000000000000000
4418   74FF             
4419   74FF 4E4F20445241MSG_NOCLAIM: .TEXT "NO DRAW CLAIM"
4419   7505 5720434C41494D
4420   750C 00                  .BYTE 0
4421   750D             HISTORY:
4422   750D 000000000000        .FILL 64,0
4422   7513 00000000000000000000000000000000000000000000000000000000000000000000000000000000000000000000000000000000000000000000
4423   754D 000000000000        .FILL 64,0
4423   7553 00000000000000000000000000000000000000000000000000000000000000000000000000000000000000000000000000000000000000000000
4424   758D 000000000000        .FILL 64,0
4424   7593 00000000000000000000000000000000000000000000000000000000000000000000000000000000000000000000000000000000000000000000
4425   75CD 000000000000        .FILL 64,0
4425   75D3 00000000000000000000000000000000000000000000000000000000000000000000000000000000000000000000000000000000000000000000
4426   760D 000000000000        .FILL 64,0
4426   7613 00000000000000000000000000000000000000000000000000000000000000000000000000000000000000000000000000000000000000000000
4427   764D 000000000000        .FILL 64,0
4427   7653 00000000000000000000000000000000000000000000000000000000000000000000000000000000000000000000000000000000000000000000
4428   768D 000000000000        .FILL 64,0
4428   7693 00000000000000000000000000000000000000000000000000000000000000000000000000000000000000000000000000000000000000000000
4429   76CD 000000000000        .FILL 64,0
4429   76D3 00000000000000000000000000000000000000000000000000000000000000000000000000000000000000000000000000000000000000000000
4430   770D 000000000000        .FILL 64,0
4430   7713 00000000000000000000000000000000000000000000000000000000000000000000000000000000000000000000000000000000000000000000
4431   774D 000000000000        .FILL 64,0
4431   7753 00000000000000000000000000000000000000000000000000000000000000000000000000000000000000000000000000000000000000000000
4432   778D 000000000000        .FILL 64,0
4432   7793 00000000000000000000000000000000000000000000000000000000000000000000000000000000000000000000000000000000000000000000
4433   77CD 000000000000        .FILL 64,0
4433   77D3 00000000000000000000000000000000000000000000000000000000000000000000000000000000000000000000000000000000000000000000
4434   780D 000000000000        .FILL 64,0
4434   7813 00000000000000000000000000000000000000000000000000000000000000000000000000000000000000000000000000000000000000000000
4435   784D 000000000000        .FILL 64,0
4435   7853 00000000000000000000000000000000000000000000000000000000000000000000000000000000000000000000000000000000000000000000
4436   788D 000000000000        .FILL 64,0
4436   7893 00000000000000000000000000000000000000000000000000000000000000000000000000000000000000000000000000000000000000000000
4437   78CD 000000000000        .FILL 64,0
4437   78D3 00000000000000000000000000000000000000000000000000000000000000000000000000000000000000000000000000000000000000000000
4438   790D 000000000000        .FILL 64,0
4438   7913 00000000000000000000000000000000000000000000000000000000000000000000000000000000000000000000000000000000000000000000
4439   794D 000000000000        .FILL 64,0
4439   7953 00000000000000000000000000000000000000000000000000000000000000000000000000000000000000000000000000000000000000000000
4440   798D 000000000000        .FILL 64,0
4440   7993 00000000000000000000000000000000000000000000000000000000000000000000000000000000000000000000000000000000000000000000
4441   79CD 000000000000        .FILL 64,0
4441   79D3 00000000000000000000000000000000000000000000000000000000000000000000000000000000000000000000000000000000000000000000
4442   7A0D 000000000000        .FILL 64,0
4442   7A13 00000000000000000000000000000000000000000000000000000000000000000000000000000000000000000000000000000000000000000000
4443   7A4D 000000000000        .FILL 64,0
4443   7A53 00000000000000000000000000000000000000000000000000000000000000000000000000000000000000000000000000000000000000000000
4444   7A8D 000000000000        .FILL 64,0
4444   7A93 00000000000000000000000000000000000000000000000000000000000000000000000000000000000000000000000000000000000000000000
4445   7ACD 000000000000        .FILL 64,0
4445   7AD3 00000000000000000000000000000000000000000000000000000000000000000000000000000000000000000000000000000000000000000000
4446   7B0D 000000000000        .FILL 64,0
4446   7B13 00000000000000000000000000000000000000000000000000000000000000000000000000000000000000000000000000000000000000000000
4447   7B4D 000000000000        .FILL 64,0
4447   7B53 00000000000000000000000000000000000000000000000000000000000000000000000000000000000000000000000000000000000000000000
4448   7B8D 000000000000        .FILL 64,0
4448   7B93 00000000000000000000000000000000000000000000000000000000000000000000000000000000000000000000000000000000000000000000
4449   7BCD 000000000000        .FILL 64,0
4449   7BD3 00000000000000000000000000000000000000000000000000000000000000000000000000000000000000000000000000000000000000000000
4450   7C0D 000000000000        .FILL 64,0
4450   7C13 00000000000000000000000000000000000000000000000000000000000000000000000000000000000000000000000000000000000000000000
4451   7C4D 000000000000        .FILL 64,0
4451   7C53 00000000000000000000000000000000000000000000000000000000000000000000000000000000000000000000000000000000000000000000
4452   7C8D 000000000000        .FILL 64,0
4452   7C93 00000000000000000000000000000000000000000000000000000000000000000000000000000000000000000000000000000000000000000000
4453   7CCD 000000000000        .FILL 64,0
4453   7CD3 00000000000000000000000000000000000000000000000000000000000000000000000000000000000000000000000000000000000000000000
4454   7D0D 000000000000        .FILL 64,0
4454   7D13 00000000000000000000000000000000000000000000000000000000000000000000000000000000000000000000000000000000000000000000
4455   7D4D 000000000000        .FILL 64,0
4455   7D53 00000000000000000000000000000000000000000000000000000000000000000000000000000000000000000000000000000000000000000000
4456   7D8D 000000000000        .FILL 64,0
4456   7D93 00000000000000000000000000000000000000000000000000000000000000000000000000000000000000000000000000000000000000000000
4457   7DCD 000000000000        .FILL 64,0
4457   7DD3 00000000000000000000000000000000000000000000000000000000000000000000000000000000000000000000000000000000000000000000
4458   7E0D 000000000000        .FILL 64,0
4458   7E13 00000000000000000000000000000000000000000000000000000000000000000000000000000000000000000000000000000000000000000000
4459   7E4D 000000000000        .FILL 64,0
4459   7E53 00000000000000000000000000000000000000000000000000000000000000000000000000000000000000000000000000000000000000000000
4460   7E8D 000000000000        .FILL 64,0
4460   7E93 00000000000000000000000000000000000000000000000000000000000000000000000000000000000000000000000000000000000000000000
4461   7ECD 000000000000        .FILL 64,0
4461   7ED3 00000000000000000000000000000000000000000000000000000000000000000000000000000000000000000000000000000000000000000000
4462   7F0D 000000000000        .FILL 64,0
4462   7F13 00000000000000000000000000000000000000000000000000000000000000000000000000000000000000000000000000000000000000000000
4463   7F4D 000000000000        .FILL 64,0
4463   7F53 00000000000000000000000000000000000000000000000000000000000000000000000000000000000000000000000000000000000000000000
4464   7F8D 000000000000        .FILL 64,0
4464   7F93 00000000000000000000000000000000000000000000000000000000000000000000000000000000000000000000000000000000000000000000
4465   7FCD 000000000000        .FILL 64,0
4465   7FD3 00000000000000000000000000000000000000000000000000000000000000000000000000000000000000000000000000000000000000000000
4466   800D 000000000000        .FILL 64,0
4466   8013 00000000000000000000000000000000000000000000000000000000000000000000000000000000000000000000000000000000000000000000
4467   804D 000000000000        .FILL 64,0
4467   8053 00000000000000000000000000000000000000000000000000000000000000000000000000000000000000000000000000000000000000000000
4468   808D 000000000000        .FILL 64,0
4468   8093 00000000000000000000000000000000000000000000000000000000000000000000000000000000000000000000000000000000000000000000
4469   80CD 000000000000        .FILL 64,0
4469   80D3 00000000000000000000000000000000000000000000000000000000000000000000000000000000000000000000000000000000000000000000
4470   810D 000000000000        .FILL 64,0
4470   8113 00000000000000000000000000000000000000000000000000000000000000000000000000000000000000000000000000000000000000000000
4471   814D 000000000000        .FILL 64,0
4471   8153 00000000000000000000000000000000000000000000000000000000000000000000000000000000000000000000000000000000000000000000
4472   818D 000000000000        .FILL 64,0
4472   8193 00000000000000000000000000000000000000000000000000000000000000000000000000000000000000000000000000000000000000000000
4473   81CD 000000000000        .FILL 64,0
4473   81D3 00000000000000000000000000000000000000000000000000000000000000000000000000000000000000000000000000000000000000000000
4474   820D 000000000000        .FILL 64,0
4474   8213 00000000000000000000000000000000000000000000000000000000000000000000000000000000000000000000000000000000000000000000
4475   824D 000000000000        .FILL 64,0
4475   8253 00000000000000000000000000000000000000000000000000000000000000000000000000000000000000000000000000000000000000000000
4476   828D 000000000000        .FILL 64,0
4476   8293 00000000000000000000000000000000000000000000000000000000000000000000000000000000000000000000000000000000000000000000
4477   82CD 000000000000        .FILL 64,0
4477   82D3 00000000000000000000000000000000000000000000000000000000000000000000000000000000000000000000000000000000000000000000
4478   830D 000000000000        .FILL 64,0
4478   8313 00000000000000000000000000000000000000000000000000000000000000000000000000000000000000000000000000000000000000000000
4479   834D 000000000000        .FILL 64,0
4479   8353 00000000000000000000000000000000000000000000000000000000000000000000000000000000000000000000000000000000000000000000
4480   838D 000000000000        .FILL 64,0
4480   8393 00000000000000000000000000000000000000000000000000000000000000000000000000000000000000000000000000000000000000000000
4481   83CD 000000000000        .FILL 64,0
4481   83D3 00000000000000000000000000000000000000000000000000000000000000000000000000000000000000000000000000000000000000000000
4482   840D 000000000000        .FILL 64,0
4482   8413 00000000000000000000000000000000000000000000000000000000000000000000000000000000000000000000000000000000000000000000
4483   844D 000000000000        .FILL 64,0
4483   8453 00000000000000000000000000000000000000000000000000000000000000000000000000000000000000000000000000000000000000000000
4484   848D 000000000000        .FILL 64,0
4484   8493 00000000000000000000000000000000000000000000000000000000000000000000000000000000000000000000000000000000000000000000
4485   84CD 000000000000        .FILL 64,0
4485   84D3 00000000000000000000000000000000000000000000000000000000000000000000000000000000000000000000000000000000000000000000
4486   850D 000000000000        .FILL 64,0
4486   8513 00000000000000000000000000000000000000000000000000000000000000000000000000000000000000000000000000000000000000000000
4487   854D 000000000000        .FILL 64,0
4487   8553 00000000000000000000000000000000000000000000000000000000000000000000000000000000000000000000000000000000000000000000
4488   858D 000000000000        .FILL 64,0
4488   8593 00000000000000000000000000000000000000000000000000000000000000000000000000000000000000000000000000000000000000000000
4489   85CD 000000000000        .FILL 64,0
4489   85D3 00000000000000000000000000000000000000000000000000000000000000000000000000000000000000000000000000000000000000000000
4490   860D 000000000000        .FILL 64,0
4490   8613 00000000000000000000000000000000000000000000000000000000000000000000000000000000000000000000000000000000000000000000
4491   864D 000000000000        .FILL 64,0
4491   8653 00000000000000000000000000000000000000000000000000000000000000000000000000000000000000000000000000000000000000000000
4492   868D 000000000000        .FILL 64,0
4492   8693 00000000000000000000000000000000000000000000000000000000000000000000000000000000000000000000000000000000000000000000
4493   86CD 000000000000        .FILL 64,0
4493   86D3 00000000000000000000000000000000000000000000000000000000000000000000000000000000000000000000000000000000000000000000
4494   870D 000000000000        .FILL 64,0
4494   8713 00000000000000000000000000000000000000000000000000000000000000000000000000000000000000000000000000000000000000000000
4495   874D 000000000000        .FILL 64,0
4495   8753 00000000000000000000000000000000000000000000000000000000000000000000000000000000000000000000000000000000000000000000
4496   878D 000000000000        .FILL 64,0
4496   8793 00000000000000000000000000000000000000000000000000000000000000000000000000000000000000000000000000000000000000000000
4497   87CD 000000000000        .FILL 64,0
4497   87D3 00000000000000000000000000000000000000000000000000000000000000000000000000000000000000000000000000000000000000000000
4498   880D 000000000000        .FILL 64,0
4498   8813 00000000000000000000000000000000000000000000000000000000000000000000000000000000000000000000000000000000000000000000
4499   884D 000000000000        .FILL 64,0
4499   8853 00000000000000000000000000000000000000000000000000000000000000000000000000000000000000000000000000000000000000000000
4500   888D 000000000000        .FILL 64,0
4500   8893 00000000000000000000000000000000000000000000000000000000000000000000000000000000000000000000000000000000000000000000
4501   88CD 000000000000        .FILL 64,0
4501   88D3 00000000000000000000000000000000000000000000000000000000000000000000000000000000000000000000000000000000000000000000
4502   890D 000000000000        .FILL 14,0
4502   8913 0000000000000000
4503   891B             
4504   891B             ; Claim an intended legal move without committing it or changing history.
4505   891B             CLAIM_TRIAL:
4506   891B B6 74 CF            LDAA DRAW_AVAILABLE
4507   891E 36                  PSHA
4508   891F B6 74 D0            LDAA AUTODRAW
4509   8922 36                  PSHA
4510   8923 BD 69 96            JSR MOVE
4511   8926 86 10               LDAA #16              ; human is White, proposed position is Black to move
4512   8928 B7 74 C9            STAA NEXTSIDE
4513   892B BD 72 DC            JSR BUILD_POSITION
4514   892E 86 01               LDAA #1
4515   8930 B7 89 55            STAA NO_APPEND
4516   8933 BD 72 33            JSR HP_TEST
4517   8936 B6 74 CF            LDAA DRAW_AVAILABLE
4518   8939 B7 89 56            STAA CLAIMRESULT
4519   893C BD 6A 0F            JSR UMOVE
4520   893F 7F 74 C9            CLR NEXTSIDE
4521   8942 BD 72 DC            JSR BUILD_POSITION
4522   8945 7F 89 55            CLR NO_APPEND
4523   8948 32                  PULA
4524   8949 B7 74 D0            STAA AUTODRAW
4525   894C 32                  PULA
4526   894D B7 74 CF            STAA DRAW_AVAILABLE
4527   8950 B6 89 56            LDAA CLAIMRESULT
4528   8953 39                  RTS
4529   8954 00          CLAIMING: .BYTE 0
4530   8955 00          NO_APPEND: .BYTE 0
4531   8956 00          CLAIMRESULT: .BYTE 0
4532   8957             
4533   8957             
4534   8957             ; Original supplied SETW, with files mirrored by the historical UI adapter.
4535   8957 030400070205HISTSETW: .BYTE 3,4,0,7,2,5,1,6
4535   895D 0106
4536   895F 101711161215        .BYTE $10,$17,$11,$16,$12,$15,$14,$13
4536   8965 1413
4537   8967 737470777275        .BYTE $73,$74,$70,$77,$72,$75,$71,$76
4537   896D 7176
4538   896F 606761666265        .BYTE $60,$67,$61,$66,$62,$65,$64,$63
4538   8975 6463
4539   8977 434845434B3ACHECKPROMPT: .TEXT "CHECK: "
4539   897D 20
4540   897E 00                  .BYTE 0
4541   897F             
4542   897F 00          HIGHLIGHT: .BYTE 0
4543   8980             ; Modern play bounds work in JANUS move events. Historical mode is unbounded.
4544   8980             ; On expiry, restore the complete root position and use the best completed
4545   8980             ; candidate (or the existing legal fallback), never a partially examined move.
4546   8980             SEARCH_BEGIN:
4547   8980 BF 8A 43            STS SEARCHSP
4548   8983 FC 8A 43            LDD SEARCHSP
4549   8986 C3 00 02            ADDD #2                ; remove this helper's return address
4550   8989 FD 8A 43            STD SEARCHSP
4551   898C 7F 8A 48            CLR SEARCHCUT
4552   898F B6 70 34            LDAA FULLRULES
4553   8992 27 03               BEQ SB_INACTIVE
4554   8994 B6 8A 49            LDAA LIMITMODE
4555   8997             SB_INACTIVE:
4556   8997 B7 8A 47            STAA BUDGETACTIVE
4557   899A 27 34               BEQ SB_DONE
4558   899C CC 10 00            LDD #$1000             ; 4,096 generated-move analysis events
4559   899F FD 8A 45            STD SEARCHNODES
4560   89A2 CE 4E A0            LDX #ROOTBOARD
4561   89A5 FF 5D D7            STX COPYDEST
4562   89A8 CE 4E D0            LDX #BOARD
4563   89AB C6 20               LDAB #32
4564   89AD BD 8A 2D            JSR ROOT_COPY
4565   89B0 CE 4E F0            LDX #ROOTPROM
4566   89B3 FF 5D D7            STX COPYDEST
4567   89B6 CE 4F 80            LDX #PROMOTED
4568   89B9 C6 40               LDAB #64               ; promotion kinds and their point values
4569   89BB BD 8A 2D            JSR ROOT_COPY
4570   89BE CE 4E C0            LDX #ROOTSTATE
4571   89C1 FF 6B 56            STX UPTR
4572   89C4 BD 6D 34            JSR RULES_SAVE
4573   89C7 B6 70 35            LDAA ACTIVEBLACK
4574   89CA B7 4E CF            STAA ROOTSTATE+15
4575   89CD BD 52 18            JSR RESET_STACKS
4576   89D0 39          SB_DONE: RTS
4577   89D1             BUDGET_TICK:
4578   89D1 B6 8A 47            LDAA BUDGETACTIVE
4579   89D4 27 0E               BEQ BT_DONE
4580   89D6 FC 8A 45            LDD SEARCHNODES
4581   89D9 83 00 01            SUBD #1
4582   89DC FD 8A 45            STD SEARCHNODES
4583   89DF 26 03               BNE BT_DONE
4584   89E1 7E 89 E5            JMP SEARCH_ABORT
4585   89E4 39          BT_DONE: RTS
4586   89E5             SEARCH_ABORT:
4587   89E5 7F 8A 47            CLR BUDGETACTIVE
4588   89E8 86 01               LDAA #1
4589   89EA B7 8A 48            STAA SEARCHCUT
4590   89ED BE 8A 43            LDS SEARCHSP
4591   89F0 CE 4E A0            LDX #ROOTBOARD
4592   89F3 C6 20               LDAB #32
4593   89F5 CC 4E D0            LDD #BOARD
4594   89F8 FD 5D D7            STD COPYDEST
4595   89FB C6 20               LDAB #32
4596   89FD BD 8A 2D            JSR ROOT_COPY
4597   8A00 CE 4E F0            LDX #ROOTPROM
4598   8A03 CC 4F 80            LDD #PROMOTED
4599   8A06 FD 5D D7            STD COPYDEST
4600   8A09 C6 40               LDAB #64
4601   8A0B BD 8A 2D            JSR ROOT_COPY
4602   8A0E CE 4E C0            LDX #ROOTSTATE
4603   8A11 FF 6B 56            STX UPTR
4604   8A14 BD 6E C0            JSR RULES_UNDO
4605   8A17 B6 4E CF            LDAA ROOTSTATE+15
4606   8A1A B7 70 35            STAA ACTIVEBLACK
4607   8A1D BD 52 18            JSR RESET_STACKS
4608   8A20 B6 4F 7A            LDAA BESTV
4609   8A23 81 0F               CMPA #15
4610   8A25 25 03               BCS SA_NONE
4611   8A27 7E 66 8B            JMP MV2
4612   8A2A 7E 66 D0    SA_NONE: JMP MATE
4613   8A2D             ROOT_COPY:
4614   8A2D A6 00               LDAA 0,X
4615   8A2F 08                  INX
4616   8A30 FF 5D D9            STX COPYSOURCE
4617   8A33 FE 5D D7            LDX COPYDEST
4618   8A36 A7 00               STAA 0,X
4619   8A38 08                  INX
4620   8A39 FF 5D D7            STX COPYDEST
4621   8A3C FE 5D D9            LDX COPYSOURCE
4622   8A3F 5A                  DECB
4623   8A40 26 EB               BNE ROOT_COPY
4624   8A42 39                  RTS
4625   8A43 00 00       SEARCHSP: .WORD 0
4626   8A45 00 00       SEARCHNODES: .WORD 0
4627   8A47 00          BUDGETACTIVE: .BYTE 0
4628   8A48 00          SEARCHCUT: .BYTE 0
4629   8A49             ROOTBOARD .EQU VMEM+$20
4630   8A49             ROOTPROM .EQU VMEM+$70       ; Unused virtual-memory region; 64-byte root snapshot
4631   8A49             ROOTSTATE .EQU VMEM+$40
4632   8A49             
4633   8A49 01          LIMITMODE: .BYTE 1
4634   8A4A             ; QUICK enumerates all legal moves using the existing generator. No capture tree.
4635   8A4A             QUICK_GO:
4636   8A4A 7F 6B 5F            CLR SEARCHOK
4637   8A4D 7F 8A 47            CLR BUDGETACTIVE
4638   8A50 CC 80 00            LDD #$8000
4639   8A53 FD 4E 92            STD QBEST
4640   8A56 86 FF               LDAA #$FF
4641   8A58 B7 4F 7B            STAA BESTP
4642   8A5B 86 01               LDAA #1
4643   8A5D B7 4E 8F            STAA QUICKSCAN
4644   8A60 B7 6B 5B            STAA VALIDATING
4645   8A63 B7 70 3B            STAA PROMCHOICE
4646   8A66 86 04               LDAA #4
4647   8A68 B7 4F 35            STAA STATE
4648   8A6B BD 60 DD            JSR GNM
4649   8A6E 7F 4E 8F            CLR QUICKSCAN
4650   8A71 7F 6B 5B            CLR VALIDATING
4651   8A74 B6 4F 7B            LDAA BESTP
4652   8A77 81 FF               CMPA #$FF
4653   8A79 27 24               BEQ QG_DONE
4654   8A7B B7 4F 30            STAA PIECE
4655   8A7E 16                  TAB
4656   8A7F CE 4E D0            LDX #BOARD
4657   8A82 3A                  ABX
4658   8A83 A6 00               LDAA 0,X
4659   8A85 B7 4F 7A            STAA BESTV
4660   8A88 B6 4F 79            LDAA BESTM
4661   8A8B B7 4F 31            STAA SQUARE
4662   8A8E B6 70 3D            LDAA BESTPROM
4663   8A91 B7 70 3B            STAA PROMCHOICE
4664   8A94 7F 4F 36            CLR MOVEN
4665   8A97 86 01               LDAA #1
4666   8A99 B7 6B 5F            STAA SEARCHOK
4667   8A9C 7E 69 96            JMP MOVE
4668   8A9F 39          QG_DONE: RTS
4669   8AA0             QUICK_CANDIDATE:
4670   8AA0 B6 6B 4C            LDAA VA
4671   8AA3 36                  PSHA
4672   8AA4 B6 6B 4D            LDAA VX
4673   8AA7 36                  PSHA
4674   8AA8 B6 6B 4E            LDAA VY
4675   8AAB 36                  PSHA
4676   8AAC B6 6B 4F            LDAA VF
4677   8AAF 36                  PSHA
4678   8AB0 F6 4F 30            LDAB PIECE
4679   8AB3 BD 6C 9C            JSR TYPE_OF
4680   8AB6 B7 4E 96            STAA QTYPE
4681   8AB9 F6 4F 30            LDAB PIECE
4682   8ABC CE 4E D0            LDX #BOARD
4683   8ABF 3A                  ABX
4684   8AC0 A6 00               LDAA 0,X
4685   8AC2 B7 4E 97            STAA QFROM
4686   8AC5 BD 8B AB            JSR Q_POSITION
4687   8AC8 16                  TAB
4688   8AC9 4F                  CLRA
4689   8ACA FD 4E 94            STD QVALUE
4690   8ACD B6 4F 31            LDAA SQUARE
4691   8AD0 BD 8B AB            JSR Q_POSITION
4692   8AD3 16                  TAB
4693   8AD4 4F                  CLRA
4694   8AD5 B3 4E 94            SUBD QVALUE
4695   8AD8 FD 4E 90            STD QSCORE
4696   8ADB B6 4E 96            LDAA QTYPE
4697   8ADE 81 06               CMPA #6
4698   8AE0 26 20               BNE QC_MOVE
4699   8AE2 FC 4E 90            LDD QSCORE
4700   8AE5 83 00 08            SUBD #8
4701   8AE8 FD 4E 90            STD QSCORE
4702   8AEB B6 4F 31            LDAA SQUARE
4703   8AEE B0 4E 97            SUBA QFROM
4704   8AF1 81 02               CMPA #2
4705   8AF3 27 04               BEQ QC_CASTLE
4706   8AF5 81 FE               CMPA #$FE
4707   8AF7 26 09               BNE QC_MOVE
4708   8AF9             QC_CASTLE:
4709   8AF9 FC 4E 90            LDD QSCORE
4710   8AFC C3 00 18            ADDD #24
4711   8AFF FD 4E 90            STD QSCORE
4712   8B02             QC_MOVE:
4713   8B02 BD 69 96            JSR MOVE
4714   8B05 FC 6B 56            LDD UPTR
4715   8B08 83 00 10            SUBD #16
4716   8B0B FD 4E 94            STD QVALUE
4717   8B0E FE 4E 94            LDX QVALUE
4718   8B11 E6 01               LDAB 1,X
4719   8B13 C1 FF               CMPB #$FF
4720   8B15 27 12               BEQ QC_PROMO
4721   8B17 CE 4F A0            LDX #POINTVAL
4722   8B1A 3A                  ABX
4723   8B1B A6 00               LDAA 0,X
4724   8B1D 48                  ASLA
4725   8B1E 48                  ASLA
4726   8B1F 48                  ASLA
4727   8B20 48                  ASLA
4728   8B21 16                  TAB
4729   8B22 4F                  CLRA
4730   8B23 F3 4E 90            ADDD QSCORE
4731   8B26 FD 4E 90            STD QSCORE
4732   8B29             QC_PROMO:
4733   8B29 B6 4E 96            LDAA QTYPE
4734   8B2C 81 01               CMPA #1
4735   8B2E 26 20               BNE QC_ATTACK
4736   8B30 B6 4F 31            LDAA SQUARE
4737   8B33 84 70               ANDA #$70
4738   8B35 81 70               CMPA #$70
4739   8B37 26 17               BNE QC_ATTACK
4740   8B39 F6 4F 30            LDAB PIECE
4741   8B3C CE 4F A0            LDX #POINTVAL
4742   8B3F 3A                  ABX
4743   8B40 A6 00               LDAA 0,X
4744   8B42 80 02               SUBA #2
4745   8B44 48                  ASLA
4746   8B45 48                  ASLA
4747   8B46 48                  ASLA
4748   8B47 48                  ASLA
4749   8B48 16                  TAB
4750   8B49 4F                  CLRA
4751   8B4A F3 4E 90            ADDD QSCORE
4752   8B4D FD 4E 90            STD QSCORE
4753   8B50             QC_ATTACK:
4754   8B50 B6 4F 31            LDAA SQUARE
4755   8B53 B7 6D 0E            STAA TARGETKING
4756   8B56 BD 6B D9            JSR NATIVE_ATTACK
4757   8B59 4D                  TSTA
4758   8B5A 27 1B               BEQ QC_UNDO
4759   8B5C F6 4F 30            LDAB PIECE
4760   8B5F CE 4F A0            LDX #POINTVAL
4761   8B62 3A                  ABX
4762   8B63 A6 00               LDAA 0,X
4763   8B65 48                  ASLA
4764   8B66 48                  ASLA
4765   8B67 48                  ASLA
4766   8B68 48                  ASLA
4767   8B69 16                  TAB
4768   8B6A 4F                  CLRA
4769   8B6B FD 4E 94            STD QVALUE
4770   8B6E FC 4E 90            LDD QSCORE
4771   8B71 B3 4E 94            SUBD QVALUE
4772   8B74 FD 4E 90            STD QSCORE
4773   8B77             QC_UNDO:
4774   8B77 BD 6A 0F            JSR UMOVE
4775   8B7A FC 4E 90            LDD QSCORE
4776   8B7D B3 4E 92            SUBD QBEST
4777   8B80 2F 18               BLE QC_RETURN
4778   8B82 FC 4E 90            LDD QSCORE
4779   8B85 FD 4E 92            STD QBEST
4780   8B88 B6 4F 30            LDAA PIECE
4781   8B8B B7 4F 7B            STAA BESTP
4782   8B8E B6 4F 31            LDAA SQUARE
4783   8B91 B7 4F 79            STAA BESTM
4784   8B94 B6 70 3B            LDAA PROMCHOICE
4785   8B97 B7 70 3D            STAA BESTPROM
4786   8B9A             QC_RETURN:
4787   8B9A 32                  PULA
4788   8B9B B7 6B 4F            STAA VF
4789   8B9E 32                  PULA
4790   8B9F B7 6B 4E            STAA VY
4791   8BA2 32                  PULA
4792   8BA3 B7 6B 4D            STAA VX
4793   8BA6 32                  PULA
4794   8BA7 B7 6B 4C            STAA VA
4795   8BAA 39                  RTS
4796   8BAB             ; Native piece-square score, 0..24. Relative gain avoids repeated pawn pushes.
4797   8BAB             Q_POSITION:
4798   8BAB 36                  PSHA
4799   8BAC 84 07               ANDA #7
4800   8BAE 16                  TAB
4801   8BAF CE 8B E3            LDX #QCENTER
4802   8BB2 3A                  ABX
4803   8BB3 A6 00               LDAA 0,X
4804   8BB5 B7 4E 8E            STAA BOOKBYTE
4805   8BB8 32                  PULA
4806   8BB9 44                  LSRA
4807   8BBA 44                  LSRA
4808   8BBB 44                  LSRA
4809   8BBC 44                  LSRA
4810   8BBD F6 4E 96            LDAB QTYPE
4811   8BC0 C1 01               CMPB #1
4812   8BC2 26 05               BNE QP_MINOR
4813   8BC4 48                  ASLA
4814   8BC5 BB 4E 8E            ADDA BOOKBYTE
4815   8BC8 39                  RTS
4816   8BC9             QP_MINOR:
4817   8BC9 16                  TAB
4818   8BCA CE 8B E3            LDX #QCENTER
4819   8BCD 3A                  ABX
4820   8BCE A6 00               LDAA 0,X
4821   8BD0 BB 4E 8E            ADDA BOOKBYTE
4822   8BD3 48                  ASLA
4823   8BD4 F6 4E 96            LDAB QTYPE
4824   8BD7 C1 05               CMPB #5
4825   8BD9 27 07               BEQ QP_RETURN
4826   8BDB C1 06               CMPB #6
4827   8BDD 26 02               BNE QP_DOUBLE
4828   8BDF 4F                  CLRA
4829   8BE0 39                  RTS
4830   8BE1 48          QP_DOUBLE: ASLA
4831   8BE2 39          QP_RETURN: RTS
4832   8BE3 000102030302QCENTER: .BYTE 0,1,2,3,3,2,1,0
4832   8BE9 0100
4833   8BEB             
4834   8BEB             ; Book uses 8 quiet-prefix lines, up to White/Black's second move.
4835   8BEB             ; Only real moves advance BOOKPLY. Trials and search never affect the book.
4836   8BEB             BOOK_RECORD:
4837   8BEB B6 4E 88            LDAA BOOKPLY
4838   8BEE 81 04               CMPA #4
4839   8BF0 24 21               BCC BR_DONE
4840   8BF2 48                  ASLA
4841   8BF3 16                  TAB
4842   8BF4 CE 4E 80            LDX #BOOKPATH
4843   8BF7 3A                  ABX
4844   8BF8 B6 6B 53            LDAA FROMTEMP
4845   8BFB F6 70 35            LDAB ACTIVEBLACK
4846   8BFE 27 02               BEQ BR_FROM
4847   8C00 88 77               EORA #$77
4848   8C02             BR_FROM:
4849   8C02 A7 00               STAA 0,X
4850   8C04 B6 4F 31            LDAA SQUARE
4851   8C07 F6 70 35            LDAB ACTIVEBLACK
4852   8C0A 27 02               BEQ BR_TO
4853   8C0C 88 77               EORA #$77
4854   8C0E             BR_TO:
4855   8C0E A7 01               STAA 1,X
4856   8C10 7C 4E 88            INC BOOKPLY
4857   8C13 39          BR_DONE: RTS
4858   8C14             BOOK_TRY:
4859   8C14 7F 6B 5F            CLR SEARCHOK
4860   8C17 B6 4E 88            LDAA BOOKPLY
4861   8C1A 81 04               CMPA #4
4862   8C1C 25 03               BCS LONG_24
4863   8C1E 7E 8C D4            JMP BOOK_DONE
4864   8C21             LONG_24:
4865   8C21 48                  ASLA
4866   8C22 B7 4E 89            STAA BOOKOFFSET
4867   8C25 CE 8D 74            LDX #BOOKLINES
4868   8C28 FF 4E 8C            STX BOOKPTR
4869   8C2B 86 08               LDAA #8
4870   8C2D B7 4E 8B            STAA BOOKROWS
4871   8C30             BT_ROW:
4872   8C30 7F 4E 8A            CLR BOOKINDEX
4873   8C33             BT_PREFIX:
4874   8C33 F6 4E 8A            LDAB BOOKINDEX
4875   8C36 F1 4E 89            CMPB BOOKOFFSET
4876   8C39 27 13               BEQ BT_MATCH
4877   8C3B FE 4E 8C            LDX BOOKPTR
4878   8C3E 3A                  ABX
4879   8C3F A6 00               LDAA 0,X
4880   8C41 CE 4E 80            LDX #BOOKPATH
4881   8C44 3A                  ABX
4882   8C45 A1 00               CMPA 0,X
4883   8C47 26 75               BNE BT_NEXT
4884   8C49 7C 4E 8A            INC BOOKINDEX
4885   8C4C 20 E5               BRA BT_PREFIX
4886   8C4E             BT_MATCH:
4887   8C4E BD 8C D5            JSR BOOK_VERIFY
4888   8C51 4D                  TSTA
4889   8C52 27 7B               BEQ BT_FAILED
4890   8C54 FE 4E 8C            LDX BOOKPTR
4891   8C57 F6 4E 89            LDAB BOOKOFFSET
4892   8C5A 3A                  ABX
4893   8C5B A6 00               LDAA 0,X
4894   8C5D F6 70 35            LDAB ACTIVEBLACK
4895   8C60 27 02               BEQ BT_FROM
4896   8C62 88 77               EORA #$77
4897   8C64             BT_FROM:
4898   8C64 BD 6C B5            JSR LOOKUP
4899   8C67 81 10               CMPA #16
4900   8C69 24 64               BCC BT_FAILED
4901   8C6B B7 6B 67            STAA WANTPIECE
4902   8C6E FE 4E 8C            LDX BOOKPTR
4903   8C71 F6 4E 89            LDAB BOOKOFFSET
4904   8C74 3A                  ABX
4905   8C75 A6 01               LDAA 1,X
4906   8C77 F6 70 35            LDAB ACTIVEBLACK
4907   8C7A 27 02               BEQ BT_TO
4908   8C7C 88 77               EORA #$77
4909   8C7E             BT_TO:
4910   8C7E B7 6B 69            STAA WANTTO
4911   8C81 86 01               LDAA #1
4912   8C83 B7 70 3C            STAA WANTPROM
4913   8C86 BD 54 09            JSR CHECK_LEGAL
4914   8C89 B6 6B 5C            LDAA VALIDMOVE
4915   8C8C 27 41               BEQ BT_FAILED
4916   8C8E B6 6B 67            LDAA WANTPIECE
4917   8C91 B7 4F 30            STAA PIECE
4918   8C94 B7 4F 7B            STAA BESTP
4919   8C97 16                  TAB
4920   8C98 CE 4E D0            LDX #BOARD
4921   8C9B 3A                  ABX
4922   8C9C A6 00               LDAA 0,X
4923   8C9E B7 4F 7A            STAA BESTV
4924   8CA1 B6 6B 69            LDAA WANTTO
4925   8CA4 B7 4F 31            STAA SQUARE
4926   8CA7 B7 4F 79            STAA BESTM
4927   8CAA 86 01               LDAA #1
4928   8CAC B7 6B 5F            STAA SEARCHOK
4929   8CAF B7 4E 98            STAA BOOKHIT
4930   8CB2 B7 70 3D            STAA BESTPROM
4931   8CB5 B7 70 3B            STAA PROMCHOICE
4932   8CB8 7F 4F 36            CLR MOVEN
4933   8CBB 7E 69 96            JMP MOVE
4934   8CBE             BT_NEXT:
4935   8CBE FC 4E 8C            LDD BOOKPTR
4936   8CC1 C3 00 08            ADDD #8
4937   8CC4 FD 4E 8C            STD BOOKPTR
4938   8CC7 7A 4E 8B            DEC BOOKROWS
4939   8CCA 27 03               BEQ LONG_25
4940   8CCC 7E 8C 30            JMP BT_ROW
4941   8CCF             LONG_25:
4942   8CCF             BT_FAILED:
4943   8CCF 86 FF               LDAA #$FF
4944   8CD1 B7 4E 88            STAA BOOKPLY
4945   8CD4 39          BOOK_DONE: RTS
4946   8CD5             ; Rebuild the expected canonical position and compare every piece slot.
4947   8CD5             BOOK_VERIFY:
4948   8CD5 B6 70 36            LDAA RIGHTSF
4949   8CD8 81 03               CMPA #3
4950   8CDA 27 03               BEQ LONG_28
4951   8CDC 7E 8D 72            JMP BV_BAD
4952   8CDF             LONG_28:
4953   8CDF B6 70 37            LDAA RIGHTSE
4954   8CE2 81 03               CMPA #3
4955   8CE4 27 03               BEQ LONG_29
4956   8CE6 7E 8D 72            JMP BV_BAD
4957   8CE9             LONG_29:
4958   8CE9 CE 4E A0            LDX #ROOTBOARD
4959   8CEC FF 5D D7            STX COPYDEST
4960   8CEF CE 6A D1            LDX #SETW
4961   8CF2 C6 20               LDAB #32
4962   8CF4 BD 8A 2D            JSR ROOT_COPY
4963   8CF7 7F 4E 8A            CLR BOOKINDEX
4964   8CFA             BV_MOVE:
4965   8CFA F6 4E 8A            LDAB BOOKINDEX
4966   8CFD F1 4E 89            CMPB BOOKOFFSET
4967   8D00 27 30               BEQ BV_COMPARE
4968   8D02 CE 4E 80            LDX #BOOKPATH
4969   8D05 3A                  ABX
4970   8D06 A6 00               LDAA 0,X
4971   8D08 B7 4E 8E            STAA BOOKBYTE
4972   8D0B C6 1F               LDAB #31
4973   8D0D             BV_FIND:
4974   8D0D CE 4E A0            LDX #ROOTBOARD
4975   8D10 3A                  ABX
4976   8D11 A6 00               LDAA 0,X
4977   8D13 B1 4E 8E            CMPA BOOKBYTE
4978   8D16 27 05               BEQ BV_FOUND
4979   8D18 5A                  DECB
4980   8D19 2A F2               BPL BV_FIND
4981   8D1B 20 55               BRA BV_BAD
4982   8D1D             BV_FOUND:
4983   8D1D 3C                  PSHX
4984   8D1E F6 4E 8A            LDAB BOOKINDEX
4985   8D21 CE 4E 80            LDX #BOOKPATH
4986   8D24 3A                  ABX
4987   8D25 A6 01               LDAA 1,X
4988   8D27 38                  PULX
4989   8D28 A7 00               STAA 0,X
4990   8D2A 7C 4E 8A            INC BOOKINDEX
4991   8D2D 7C 4E 8A            INC BOOKINDEX
4992   8D30 20 C8               BRA BV_MOVE
4993   8D32             BV_COMPARE:
4994   8D32 7F 4E 8A            CLR BOOKINDEX
4995   8D35             BV_PIECE:
4996   8D35 F6 4E 8A            LDAB BOOKINDEX
4997   8D38 CE 4E A0            LDX #ROOTBOARD
4998   8D3B 3A                  ABX
4999   8D3C A6 00               LDAA 0,X
5000   8D3E B7 4E 8E            STAA BOOKBYTE
5001   8D41 F6 4E 8A            LDAB BOOKINDEX
5002   8D44 B6 70 35            LDAA ACTIVEBLACK
5003   8D47 27 02               BEQ BV_WHITE
5004   8D49 C8 10               EORB #16
5005   8D4B             BV_WHITE:
5006   8D4B CE 4F 80            LDX #PROMOTED
5007   8D4E 3A                  ABX
5008   8D4F A6 00               LDAA 0,X
5009   8D51 26 1F               BNE BV_BAD
5010   8D53 CE 4E D0            LDX #BOARD
5011   8D56 3A                  ABX
5012   8D57 A6 00               LDAA 0,X
5013   8D59 F6 70 35            LDAB ACTIVEBLACK
5014   8D5C 27 02               BEQ BV_CANONICAL
5015   8D5E 88 77               EORA #$77
5016   8D60             BV_CANONICAL:
5017   8D60 B1 4E 8E            CMPA BOOKBYTE
5018   8D63 26 0D               BNE BV_BAD
5019   8D65 7C 4E 8A            INC BOOKINDEX
5020   8D68 B6 4E 8A            LDAA BOOKINDEX
5021   8D6B 81 20               CMPA #32
5022   8D6D 26 C6               BNE BV_PIECE
5023   8D6F 86 01               LDAA #1
5024   8D71 39                  RTS
5025   8D72 4F          BV_BAD: CLRA
5026   8D73 39                  RTS
5027   8D74             BOOKLINES:
5028   8D74 143464440625        .BYTE $14,$34,$64,$44,$06,$25,$71,$52
5028   8D7A 7152
5029   8D7C 143464440532        .BYTE $14,$34,$64,$44,$05,$32,$76,$55
5029   8D82 7655
5030   8D84 143464440122        .BYTE $14,$34,$64,$44,$01,$22,$76,$55
5030   8D8A 7655
5031   8D8C 143464441333        .BYTE $14,$34,$64,$44,$13,$33,$44,$33
5031   8D92 4433
5032   8D94 133363431232        .BYTE $13,$33,$63,$43,$12,$32,$64,$54
5032   8D9A 6454
5033   8D9C 133363430625        .BYTE $13,$33,$63,$43,$06,$25,$76,$55
5033   8DA2 7655
5034   8DA4 123264440122        .BYTE $12,$32,$64,$44,$01,$22,$76,$55
5034   8DAA 7655
5035   8DAC 062563431333        .BYTE $06,$25,$63,$43,$13,$33,$76,$55
5035   8DB2 7655
5036   8DB4             
5037   8DB4             ; Temporary 64-square occupancy map, rebuilt for each native attack query.
5038   8DB4             ; Highest slot wins, matching the original reverse-order LOOKUP scan.
5039   8DB4             BUILD_OCCUPANCY:
5040   8DB4 CE 4F C0            LDX #OCCUPANCY
5041   8DB7 C6 40               LDAB #64
5042   8DB9 86 FF               LDAA #$FF
5043   8DBB             BO_CLEAR:
5044   8DBB A7 00               STAA 0,X
5045   8DBD 08                  INX
5046   8DBE 5A                  DECB
5047   8DBF 26 FA               BNE BO_CLEAR
5048   8DC1 7F 6D 0F            CLR ATTACKPIECE
5049   8DC4             BO_PIECE:
5050   8DC4 F6 6D 0F            LDAB ATTACKPIECE
5051   8DC7 CE 4E D0            LDX #BOARD
5052   8DCA 3A                  ABX
5053   8DCB A6 00               LDAA 0,X
5054   8DCD 85 88               BITA #$88
5055   8DCF 26 1B               BNE BO_NEXT
5056   8DD1 B7 6D 14            STAA PROBESQ
5057   8DD4 84 07               ANDA #7
5058   8DD6 B7 6B 70            STAA UITMP
5059   8DD9 B6 6D 14            LDAA PROBESQ
5060   8DDC 84 70               ANDA #$70
5061   8DDE 44                  LSRA
5062   8DDF BB 6B 70            ADDA UITMP
5063   8DE2 16                  TAB
5064   8DE3 CE 4F C0            LDX #OCCUPANCY
5065   8DE6 3A                  ABX
5066   8DE7 B6 6D 0F            LDAA ATTACKPIECE
5067   8DEA A7 00               STAA 0,X
5068   8DEC             BO_NEXT:
5069   8DEC 7C 6D 0F            INC ATTACKPIECE
5070   8DEF B6 6D 0F            LDAA ATTACKPIECE
5071   8DF2 81 20               CMPA #32
5072   8DF4 26 CE               BNE BO_PIECE
5073   8DF6 86 01               LDAA #1
5074   8DF8 B7 4E 99            STAA OCCUPANCYFLAG
5075   8DFB 39                  RTS
5076   8DFC             OCCUPANCY .EQU $4FC0
5077   8DFC             OCCUPANCYFLAG .EQU VMEM+25
5078   8DFC             
5079   8DFC             IMAGE_END:
5080   8DFC                     .END START
tasm: Number of errors = 0
